DocType: Beratung,(2) Beratungskategorie,
DocType: Beratung,(3) Beratungskategorie,
DocType: Mitgliedschaft,(Obsolet) Digitalrechnung Hash,
DocType: Mitgliedschaft,(max. 30 Zeichen),
DocType: Mitgliedschaft,(max. 40 Zeichen),
DocType: Sektion,"0: Deaktiviert<br>
1: Eingangsmail an Sektion, Anhänge als Links<br>
2: Wie 1, aber Anhänge Limitiert auf 3MB und nicht als Links",
DocType: Wohnungsabgabe,1 - 1 ½ Zimmer Wohnung (Fr. 70.-),
DocType: Wohnungsabgabe,2 - 3 ½ Zimmer Wohnung (Fr. 90.-),
DocType: Wohnungsabgabe,26 KM bis 50 KM  (Fr. 60.-),
DocType: Wohnungsabgabe,4 - 5 ½ Zimmer Wohnung (Fr. 120.-),
DocType: Wohnungsabgabe,51 KM bis 80 KM (Fr. 90.-),
DocType: Wohnungsabgabe,6 - 6 ½ Zimmer Wohnung (Fr. 160.-),
DocType: Beratung Termin,ABP Zuweisungs Referenz,
DocType: Datatrans Entry,AMOUNT,
DocType: APB Zuweisung,APB Zuweisung,
DocType: Webshop Order,API Data,
DocType: Retouren,API Daten,
DocType: Service Plattform API Connection,API Token,Jeton d&#39;API
DocType: Service Plattform API Connection,API URL,
DocType: Arbeits Backlog,API User,
DocType: Mitgliedschaft,ASLOCA-ID,
DocType: Datatrans Entry,AUTHOCODE,
apps/mvd/mvd/www/digitalrechnung.html,Ab 2025 senden wir Ihnen Ihre Rechnung digital zu an die E-Mail-Adresse:,"À partir de 2025, nous vous enverrons votre facture numérique à votre adresse e-mail :"
apps/mvd/mvd/www/digitalrechnung.html,Ab sofort senden wir Ihnen Ihre Rechnung digital zu an die E-Mail-Adresse:,
DocType: Mahnlauf,Abbrechen,
apps/mvd/mvd/www/digitalrechnung.html,Abbrechen: Rechnung weiterhin per Post,Annuler la demande : Continuer à recevoir la facture par courrier
DocType: Wohnungsabgabe,Abgabe,
DocType: Massenlauf,Abgeschlossen,
DocType: MW Abo,Abonnent*in,
DocType: Mitgliedschaft,Abweichende Objektadresse,
DocType: Kunden,Abweichende Rechnungsadresse,
DocType: Mitgliedschaft,Abweichender Betrag,
DocType: Mitgliedschaft,Abweichender Mitgliederbeitrag,
DocType: Mitgliedschaft,Abweichung gültig bis,
DocType: Service Plattform API Connection,Access Token URL,URL du jeton d&#39;accès
DocType: CAMT Import,Account,Compte
DocType: Spendenversand,Achtung: Die Abfrage muss zwingend den Datenbank-Schlüssel (`name`) der Mitgliedschaft beinhalten!,
apps/mvd/mvd/public/js/mvd.js,Add Attachment,Ajouter une Pièce Jointe
DocType: Mitgliedschaft,Adress ID,
DocType: Datatrans Entry,Adressblock,
DocType: Druckvorlage,Adressblock (und Personalisierter Block) auf Blatt 2 ausblenden,
DocType: Druckvorlage,Adressblock (und Personalisierter Block) auf Blatt 3 ausblenden,
apps/mvd/mvd/mvd/page/mvd_suchmaske/suchmaske.html,Adressdaten,
DocType: Kunden,Adresse,
DocType: Korrespondenz,Adresse des/der Schenker*inn berücksichtigen,
DocType: Wohnungsabgabe,Adresse für Abgabe/Übergabe/Bericht ,
DocType: Retouren,Adresse seit Export geändert?,
DocType: Mitgliedschaft,Adressen gesperrt,
apps/mvd/mvd/mvd/page/vbz/overview.html,Adresspflege,
DocType: Datatrans Zahlungsfile,Aktionen,
DocType: MW Abo,Aktiv,
DocType: MW Abo,Aktiv terminiert,
DocType: Mitgliedschaft,Aktive Mitgliedschaft,
DocType: Service Plattform API,Aktiviere E-Mailberatungs Testing,
DocType: Calendar Sync Settings,Aktiviert,
apps/mvd/mvd/www/digitalrechnung.html,Aktiviert am,Activé le
DocType: CAMT Import,Aktualisiere CAMT Übersicht,
DocType: CAMT Import,Aktualisierung notwendig,
DocType: JWT,Algorythmus,
DocType: Beratung,All,Tous
DocType: Massenlauf Inaktivierung,"Alle Mitglieder welche zwar das zu berücksichtigende Mitgliedschaftsjahr nicht bezahlt haben, dafür aber das hier hinterlegte Folgejahr, werden vom Inaktivierungslauf ignoriert.",
apps/mvd/mvd/mvd/page/mvd_suchmaske/suchmaske.html,Alle Sektionen,
apps/mvd/mvd/public/js/custom_scripts/communication.js,Allen%20antworten,
DocType: Beratung,Allgemein,
apps/mvd/mvd/mvd/page/mvd_suchmaske/suchmaske.html,Allgemeines,Généralités
DocType: MVD Settings,Allowed IPs,
DocType: Arbeits Backlog,Amended From,Modifié Depuis
DocType: Mahnung Invoices,Amount,Montant
DocType: Mitgliedschaft,Ampel Farbe,
apps/mvd/mvd/mvd/doctype/postnotiz/postnotiz.js,An SP senden,
apps/mvd/mvd/public/js/custom_scripts/error_log_list.js,Analyse SP API Logs,
apps/mvd/mvd/mvd/doctype/kunden/kunden.js,Anmeldung,
DocType: Arbeits Backlog,Anmeldung mit EZ,
apps/mvd/mvd/mvd/doctype/mitgliedschaft/mitgliedschaft.js,Anmeldung mit EZ als erstellt bestätigen,
DocType: Druckvorlage,Anmeldungen,
,Anmeldungen_digitale_Rechnung,
apps/mvd/mvd/templates/includes/mvd_qrr_invoice.html,Annahmestelle,Point de dépôt
apps/mvd/mvd/mvd/doctype/kunden/kunden.js,Annual Billing: {0},Facturation Annuelle : {0}
DocType: Kampagne,Anrede,
DocType: Kunden,Anrede (Rechnung),
DocType: Mitgliedschaft,Anrede (Solidar),
apps/mvd/mvd/mvd/report/spendenuebersicht/spendenuebersicht.py,Anrede Solidar MG,
DocType: Beratung,Antwort/Protokoll (Intern),
DocType: MW Abo,Anzahl,
DocType: Druckvorlage,Anzahl Blätter,
DocType: MVD Settings,Anzahl Emails pro Flush,
apps/mvd/mvd/mvd/report/beratungsstatistik/beratungsstatistik.py,Anzahl Geschlossen,
DocType: Mitgliedschaft,Anzahl M+W Retoure(n),
DocType: Mahnlauf,Anzahl Mahnungen (Mail),
DocType: Mahnlauf,Anzahl Mahnungen (PDF),
DocType: Rechnungs Jahresversand,Anzahl Rechnungen,
DocType: Mitgliedschaft,Anzahl Zeitschrift M+W,
DocType: Arbeits Backlog,Arbeits Backlog,
apps/mvd/mvd/config/mvd.py,Arbeits-Backlog,
DocType: Arbeitsplan Beratung,Arbeitsplan Beratung,
DocType: Arbeitsplan Standardzeit,Arbeitsplan Standardzeit,
apps/mvd/mvd/config/mvd.py,Arbeitspläne,
apps/mvd/mvd/mvd/doctype/beratung/beratung.js,Art,
DocType: Webshop Order,Artikel,
DocType: Sektion,Artikel Beitrittsgebühr (Geschäft),
DocType: Sektion,Artikel Beitrittsgebühr (Privat),
DocType: Sektion,Artikel HV,
DocType: Webshop Order,Artikel JSON,
DocType: Sektion,Artikel Mitgliedschaft (Abweichend / Reduziert),
DocType: Sektion,Artikel Mitgliedschaft (Geschäft),
DocType: Sektion,Artikel Mitgliedschaft (Gratis),
DocType: Sektion,Artikel Mitgliedschaft (Privat),
DocType: Sektion,Artikel Spende,
apps/mvd/mvd/public/js/mvd.js,Attach Document Print,Joindre l'Impression de Document
DocType: Service Plattform API Connection,Audience,
DocType: Mahnlauf,Auf Basis der Mitgliedsprache filtern,
DocType: CAMT Import,Aufgeteilte Überbezahlte,
DocType: Wohnungsabgabe,Auftrag,
DocType: Wohnungsabgabe,Auftrag Beschreibung,
DocType: Wohnungsabgabe,Auftrag Typ,
DocType: Wohnungsabgabe,Auftraggeber*in,
DocType: Handled Postretouren,Auftragsnummer,
DocType: Fakultative Rechnung,Aus Rechnungs Jahresversand,
DocType: Fakultative Rechnung,Aus Spendenversand,
DocType: Retouren,Ausgabe,
DocType: MW,Ausgabe Jahr,
DocType: MW,Ausgabe Nummer,
DocType: MW,Ausgabe kurz,
DocType: MW,Ausgabe lang,
apps/mvd/mvd/config/mvd.py,Ausgehende Queue (ERPNext > SP),
DocType: CAMT Import,Ausgelesene Zahlungen,
DocType: CAMT Import,Ausgelesene Zahlungen (CAMT File),
apps/mvd/mvd/public/js/custom_scripts/payment_entry.js,Ausgleichen mit ...,
DocType: Massenlauf Inaktivierung,Ausnahme für Folgejahr Bezahlungen,
DocType: Massenlauf Inaktivierung,Ausnahmejahr,
DocType: Mitgliedschaft,Ausschluss,
DocType: Massenlauf Inaktivierung,Ausschluss Grund,
DocType: Massenlauf Inaktivierung,Ausschluss per,
DocType: Massenlauf Inaktivierung,Ausstehende Jahresrechnung des aktuellen Kalenderjahres stornieren,
apps/mvd/mvd/mvd/report/mitgliederbeitraege/mitgliederbeitraege.py,Ausstehender Betrag,
DocType: Mitgliedschaft,Austritt/Ausschluss,
DocType: Digitalrechnung,Auswahl,
DocType: Druckvorlage Seite,Ausweis,
DocType: Sektion,Ausweis Rückseite,
DocType: Druckvorlage,Ausweis auf Blatt 1 andrucken,
DocType: Druckvorlage,Ausweis auf Blatt 2 andrucken,
DocType: Druckvorlage,Ausweis auf Blatt 3 andrucken,
DocType: Druckvorlage Seite,Ausweis beidseitig drucken,
apps/mvd/mvd/mvd/report/spendenuebersicht/spendenuebersicht.js,Auswertungsgrundlage,
DocType: Service Plattform API,Auth Check,
DocType: Service Plattform API Connection,Auth0,
DocType: Auth0 Key,Auth0 Key,
apps/mvd/mvd/mvd/doctype/region/region.js,Automatisch Zuordnen,
DocType: Region,Automatische Zuordnung aktiv,
apps/mvd/mvd/public/js/mvd.js,BCC,BCC
DocType: Datatrans Entry,BOOKINGPERIOD,
DocType: Datatrans Entry,BOOKTYP,
DocType: Spendenversand,Background-Job,
DocType: Service Platform Queue,BadRequest Count,
DocType: Postretouren Einstellungen,Basic Auth Password,
DocType: Postretouren Einstellungen,Basic Auth Username,
DocType: Fakultative Rechnung,Basierend auf,
DocType: Wohnungsabgabe,"Baumeler, Markus",
DocType: Mitgliedschaft,Begrüssung Dokument,
DocType: Mitgliedschaft,Begrüssung Massendruck,
DocType: Massenlauf,Begrüssung Online,
DocType: Massenlauf,Begrüssung durch Bezahlung,
DocType: Druckvorlage,Begrüssung mit Ausweis,
DocType: Mitgliedschaft,Begrüssung via Zahlung,
DocType: Haftpflicht Mitgliedschaft,Bemerkung,
DocType: APB Zuweisung,Berater*in,
DocType: Beratung,Beratung,
apps/mvd/mvd/mvd/page/vbz/overview.html,Beratung (MVBE),
apps/mvd/mvd/mvd/page/vbz/overview.html,Beratung (MVLU),
,Beratung Befangenheit,
apps/mvd/mvd/mvd/report/beratungen_mvzh/beratungen_mvzh.py,Beratung ID,
DocType: Beratung Multiselect,Beratung Multiselect,
DocType: Beratung Prio,Beratung Prio,
DocType: Beratung Termin,Beratung Termin,
,Beratung ohne Sektion (Fehler),
apps/mvd/mvd/mvd/doctype/beratung/beratung.js,Beratung splitten,
,Beratung_Kategorien_SM01,
apps/mvd/mvd/config/mvd.py,Beratungen / Termine,
,Beratungen MVZH,
DocType: Service Plattform API,Beratungs Endpoint,
apps/mvd/mvd/config/mvd.py,Beratungs Kalender Einstellungen,
DocType: Beratungs Log,Beratungs Log,
apps/mvd/mvd/mvd/doctype/mitgliedschaft/mitgliedschaft.js,Beratungs Termin,
,Beratungs Termine,
DocType: Beratung,Beratungsaufwand,
DocType: Beratungsdateien,Beratungsdateien,
apps/mvd/mvd/mvd/doctype/beratung/beratung.js,Beratungsfunktionen,
DocType: Beratung,Beratungskanal,
DocType: Beratung,Beratungskategorie,
DocType: Beratung,Beratungskategorie-Code,
DocType: Beratungsort,Beratungsort,
DocType: Beratungsort Multiselect,Beratungsort Multiselect,
,Beratungsstatistik,
apps/mvd/mvd/mvd/report/mitgliederstatistik/mitgliederstatistik.py,Berechnung,
DocType: Rechnungs Jahresversand,Bereit zur Ausführung,
DocType: Mahnlauf,Berücksichtigtes Fälligkeitsdatum,
DocType: Druckvorlage,Beschenkte*r,
DocType: Arbeitsplan Beratung,Beschreibung,
apps/mvd/mvd/www/digitalrechnung.html,Besten Dank für Ihre Rückmeldung,Nous vous remercions de votre réponse.
DocType: Fakultative Rechnung,Betrag,Montant
DocType: Sektion,Betrag HV,
DocType: Wohnungsabgabe,Betrag erhalten,
DocType: Beratung,Betreff,
DocType: Mitgliedschaft,"Bevor das Mitglied zu dieser Sektion zugezogen ist, besass es die ID ""Wegzug ID""",
apps/mvd/mvd/mvd/doctype/fakultative_rechnung/fakultative_rechnung.js,Bezahlt in Bar,
apps/mvd/mvd/mvd/doctype/fakultative_rechnung/fakultative_rechnung.js,Bezahlt mit EZS,
DocType: Fakultative Rechnung,Bezahlt via,
DocType: Mitgliedschaft,Bezahltes Mitgliedschaftsjahr,
DocType: Fakultative Rechnung,Bezugsjahr,
DocType: APB Zuweisung,Bis,
DocType: Wohnungsabgabe,Bis 25 KM  (Fr. 35.-),
apps/mvd/mvd/www/digitalrechnung.html,Bitte begleichen Sie den aktuellen Jahresbeitrag noch mit der Ihnen vorliegenden Rechnung.,
apps/mvd/mvd/www/digitalrechnung.html,Bitte geben Sie eine gültige E-Mail-Adresse ein.,Veuillez saisir une adresse e-mail valide.
apps/mvd/mvd/mvd/doctype/mitgliedschaft/mitgliedschaft.js,"Bitte warten Sie einen Moment, es steht noch ein Update für dieses Mitglied an.<br>Aktualisieren Sie diese Seite in ein paar Minuten.",
apps/mvd/mvd/mvd/doctype/sektion_plz_zuordnung/sektion_plz_zuordnung.js,Bitte warten...,
DocType: Druckvorlage,Blatt 1,
DocType: Druckvorlage,Blatt 2,
DocType: Druckvorlage,Blatt 3,
DocType: Kampagne,Bogen per Post,
DocType: Mitgliedschaft,Briefanrede,
DocType: CAMT Import,CAMT File,
DocType: CAMT Import,CAMT File Datum,
DocType: CAMT Import,CAMT Import,
apps/mvd/mvd/config/mvd.py,CAMT Importer,
apps/mvd/mvd/mvd/doctype/camt_import/camt_import.js,CAMT Reset,
DocType: CAMT Import,CAMT Taxen,
DocType: CAMT Import,CAMT Totalbetrag,
apps/mvd/mvd/mvd/page/vbz/overview.html,CAMT einlesen,
,CAMT-Import fehlgeschlagen,
DocType: Datatrans Entry,CARDNUMBER,
apps/mvd/mvd/public/js/mvd.js,CC,CC
apps/mvd/mvd/public/js/mvd.js,"CC, BCC & Email Template","CC, BCC et Modèle d'Email"
DocType: Datatrans Entry,CDSCOUNT,
DocType: MW Export,CSV Erstellung,
DocType: Rechnungs Jahresversand,CSV in Arbeit,
DocType: Rechnungs Jahresversand,CSV neu generieren,
DocType: Datatrans Entry,CURRENCY,
DocType: Calendar Sync Settings,Calendar Sync Settings,
DocType: Kampagne,CampaignTriggerCode,
DocType: Serien Email,Cancelled,Annulé
,ChLa SQL,
DocType: MVD Settings,Check Payrexx IPs,
apps/mvd/mvd/mvd/doctype/kunden/kunden.js,City,Ville
apps/mvd/mvd/public/js/custom_scripts/error_log_list.js,Clear Error Logs,Effacer les Journaux d'Erreurs
DocType: Service Plattform API Connection,Client ID,ID Client
DocType: Service Plattform API Connection,Client Secret,Secret Client
DocType: Beratung,Closed,Fermé
DocType: Beratungskategorie,Code,Code
DocType: CAMT Import,Company,Société
DocType: Serien Email,Complet,
DocType: Arbeits Backlog,Completed,Terminé
DocType: Service Plattform API Connection,Connection,
DocType: Service Plattform API,Connections,
DocType: Datatrans Report,Content,Contenu
DocType: PayrexxWebhooks,Country,Pays
DocType: Service Plattform API,Create/Update Mitglieder,
DocType: Mahnung,Currency,Devise
DocType: Mahnung,Customer,Client
DocType: Mahnung,Customer Name,Nom du Client
DocType: PLZ Sektion Zuordnung,Dachverband,
DocType: Daily Snap,Daily Snap,
DocType: Service Plattform API,Danger Zone,
apps/mvd/mvd/www/digitalrechnung.html,"Danke, dass Sie helfen, Ressourcen zu schonen.",Merci d'aider à préserver les ressources.
DocType: Sektion,Das Jahr ist ohne Bedeutung,
DocType: Sektion,"Das Jahr ist ohne Bedeutung. Falls kein Reduzierter Beitrag, gleich mit Stichtag Gratis setzen.",
DocType: Daily Snap,Data,Données
apps/mvd/mvd/mvd/doctype/sektion_plz_zuordnung/sektion_plz_zuordnung.js,Data upload failed.,
apps/mvd/mvd/mvd/doctype/sektion_plz_zuordnung/sektion_plz_zuordnung.js,Data uploaded successfully!,
DocType: Mitgliedschaft,Datatrans,
DocType: Webshop Order,Datatrans Data,
DocType: Datatrans Zahlungsfile,Datatrans Entries,
DocType: Datatrans Entry,Datatrans Entry,
DocType: Datatrans Zahlungsfile,Datatrans File,
DocType: Datatrans Report,Datatrans Report,
DocType: Datatrans Report,Datatrans Zahlungsfile,
DocType: Mahnung,Date,Date
DocType: Beratungsdateien,Datei,
DocType: Beratungsdateien,Dateiname,
DocType: Mitgliedschaft,Daten,
DocType: Arbeits Backlog,Daten Validieren,
apps/mvd/mvd/mvd/doctype/sektion_plz_zuordnung/sektion_plz_zuordnung.js,Daten aktualisieren,
apps/mvd/mvd/mvd/doctype/mitgliedschaft/mitgliedschaft.js,Daten als validert bestätigen,
DocType: Datatrans Entry,Daten aus Mitgliedschaft,
DocType: Kunden,Daten aus Mitgliedschaft beziehen,
DocType: Spendenversand,Daten aus Query einsehen,
DocType: Datatrans Entry,Daten aus Webshop Order,
DocType: Postnotiz,Daten für SP,
DocType: Sektion,Daten und Artikel,
DocType: Datatrans Zahlungsfile,Daten verarbeiten,
apps/mvd/mvd/mvd/doctype/sektion_plz_zuordnung/sektion_plz_zuordnung.js,Daten werden aktualisiert,
apps/mvd/mvd/mvd/page/vbz/overview.html,Datenstand:,
DocType: APB Zuweisung,Datum,
apps/mvd/mvd/mvd/report/beratungen_mvzh/beratungen_mvzh.js,Datum <=,
apps/mvd/mvd/mvd/report/beratungs_termine/beratungs_termine.js,Datum >,
apps/mvd/mvd/mvd/report/beratungen_mvzh/beratungen_mvzh.js,Datum >=,
DocType: MW,Datum Adressexport,
DocType: MW,Datum Druck,
DocType: MV Beratung,Datum Erinnerung,
DocType: Mitgliedschaft,Datum HV Zahlung,
DocType: MW,Datum Input,
DocType: MW,Datum Inserate und Wechselseiten,
DocType: MW,Datum Vereilung,
DocType: Mitgliedschaft,Datum Zahlung Mitgliedschaft,
DocType: Datatrans Report,Datum Zahlungsfile,
DocType: Druckvorlage,Datum auf Blatt 2 ausblenden,
DocType: Druckvorlage,Datum auf Blatt 3 ausblenden,
DocType: Beratung Termin,Datum bis,
DocType: Beratung Termin,Datum von,
DocType: Wohnungsabgabe,Dauer der Abgabe (min),
DocType: Druckvorlage,Deaktiviert,
apps/mvd/mvd/www/digitalrechnung.html,Deaktiviert am,Désactivé le
DocType: Wohnungsabgabe,Deaktivierung des QA-Mail Versand,
apps/mvd/mvd/public/js/mvd.js,Dear,Cher/Chère
DocType: Sektion,Default E-Mail Template für Rückfragen,
DocType: Sektion,Default E-Mail Template für Terminbestätigung,
DocType: Sektion,Default E-Mail Terminbestätigung Hinweis (de),
DocType: Sektion,Default E-Mail Terminbestätigung Hinweis (fr),
DocType: Sektion,Default Termindauer,
apps/mvd/mvd/mvd/doctype/webshop_order/webshop_order.js,Der Rechnungsbetrag stimmt mit dem Webshop Totalbetrag überein,
apps/mvd/mvd/mvd/doctype/webshop_order/webshop_order.js,Der Rechnungsbetrag weicht vom Webshop Totalbetrag ab,
apps/mvd/mvd/mvd/doctype/kunden/kunden.js,Description,Description
apps/mvd/mvd/mvd/doctype/mitgliedschaft/mitgliedschaft.js,Die erfasste Telefonnummer ist <b>nicht</b> zulässig.<br>Zulässige Inhalte sind:<ul><li>+</li><li>Leerschlag</li><li>Zahlen von 0-9</li></ul>,
DocType: Arbeitsplan Standardzeit,Dienstag,
DocType: Sektion,"Diese Checkbox bewirkt, dass das Datum des Zahlungseingangs für das Mitgliedschafts- respektive HV-Jahr berücksichtigt wird.",
DocType: Rechnungs Jahresversand,Diese Druckvorlage wird in der Rechnung hinterlegt und dient als Vorlage für den manuellen Nachdruck von Rechnungen direkt im System.,
apps/mvd/mvd/mvd/doctype/kunden/kunden_dashboard.py,Diese Heatmap zeigt alle Interaktionen mit diesem Kunden im vergangenen Jahr,
apps/mvd/mvd/mvd/doctype/mitgliedschaft/mitgliedschaft_dashboard.py,Diese Heatmap zeigt alle Interaktionen mit dieser Mitgliedschaft im vergangenen Jahr,
apps/mvd/mvd/mvd/doctype/mahnung/mahnung.js,Differenz als Kulanz ausgleichen,
apps/mvd/mvd/www/digitalrechnung.html,Digitale Rechnung aktivieren,Activer facture numérique
DocType: Digitalrechnung,Digitalrechnung,
,Dispo-Termine,
DocType: Arbeitsplan Beratung,Dispositions Hinweis,
DocType: Email Drafts,Docname,
DocType: Email Drafts,Doctype,
DocType: Druckvorlage,Dokument,
DocType: Beratungsdateien,Dokumentdatum,
DocType: Beratung,Dokumente,
DocType: Beratungsdateien,Dokumenttyp,
DocType: Service Plattform Log,Done,Fait
apps/mvd/mvd/mvd/doctype/datatrans_zahlungsfile/datatrans_zahlungsfile.js,Done!,
DocType: Arbeitsplan Standardzeit,Donnerstag,
DocType: Druckvorlage,Doppelseitiger Druck,
,Doppelte IDs,
,Doppelte IDs abweichende Nr,
DocType: CAMT Import,Doppelte Mitgliedschaft,
DocType: CAMT Import,Doppelte Mitgliedschafts-Bezahlung,
,Doppelte-online_payment_id,
DocType: MV Jahresversand,Download Entwurfsdaten,
DocType: Mahnlauf,Drucken,
DocType: Datatrans Report,Drucksachen,
DocType: Druckvorlage,Druckvorlage,
DocType: Mitgliedschaft,Druckvorlage Kündigung,
DocType: Druckvorlage Seite,Druckvorlage Seite,
apps/mvd/mvd/mvd/doctype/druckvorlage/druckvorlage.js,Druckvorlage Test-Druck,
DocType: Mahnung Invoices,Due Date,Date d'Échéance
,Duplikate-Recherchehilfe,
DocType: MVD Settings,Durchlassquote in %,
DocType: Beratung,E-Mail,
DocType: Kunden,E-Mail (Rechnung),
DocType: Mitgliedschaft,E-Mail (Solidar),
DocType: Sektion,E-Mail Absender Adresse,
DocType: Sektion,E-Mail Absender Name,
,E-Mail Adressen BIF,
,E-Mail Adressen BIF ,
DocType: MVD Settings,E-Mail Beratung,
DocType: MVD Settings,E-Mail Beratung Upload Key,
DocType: MVD Settings,E-Mail Beratung Upload Secret,
DocType: Sektion,E-Mail Empfangsadresse,
DocType: Sektion,E-Mail Footer,
apps/mvd/mvd/mvd/report/beratungen_mvzh/beratungen_mvzh.py,E-Mail Person,
apps/mvd/mvd/mvd/doctype/beratung/beratung.js,E-Mail Rückfrage,
DocType: Serien Email,E-Mail Template,
DocType: Sektion,E-Mail Text,
DocType: Druckvorlage,E-Mail Vorlage,
DocType: Digitalrechnung,E-Mail geändert,
apps/mvd/mvd/mvd/doctype/digitalrechnung/digitalrechnung.js,E-Mail kontrolliert,
DocType: Serien Email Empfaenger,E-Mail missing,
apps/mvd/mvd/public/js/custom_scripts/issue.js,E-Mail(s) als gelesen markieren,
apps/mvd/mvd/public/js/custom_scripts/issue.js,E-Mail(s) als ungelesen markieren,
apps/mvd/mvd/www/digitalrechnung.html,E-Mail-Adresse,Adresse e-mail
apps/mvd/mvd/www/digitalrechnung.html,E-Mail-Adresse hinzufügen,Ajouter une adresse e-mail
DocType: Service Plattform API,E-Mailberatung Test Token,
DocType: Mahnlauf,E-Mails versendet,
DocType: Webshop Order,E-mail,
apps/mvd/mvd/mvd/doctype/mitgliedschaft/mitgliedschaft.js,ERPNext > SP,
DocType: Datatrans Entry,EXPIRY,
DocType: Druckvorlage Seite,EZ Typ,
DocType: Wohnungsabgabe,"Egger, Martin",
DocType: Spendenversand,Eigene SQL Abfrage,
DocType: Wohnungsabgabe,Einfamilienhaus + kleiner Umschwung (Fr. 200.-),
DocType: Beratung,Eingang,
DocType: Beratung,Eingang/Eröffnung Fall,
apps/mvd/mvd/config/mvd.py,Eingehende Queue (SP > ERPNext),
DocType: CAMT Import,Eingelesene Zahlungen,
DocType: CAMT Import,Eingelesene Zahlungen (ERPNext),
DocType: Arbeitsplan Beratung,Einteilung,
DocType: Arbeitsplan Beratung,Einteilung Berater*in,
DocType: Massenlauf Inaktivierung Mitgliedschaften,Eintritt,
DocType: Mitgliedschaft,Eintritt (Obsolet),
DocType: Druckvorlage Seite,Einzahlungsschein,
DocType: Kunden,Einzelperson,
DocType: MW Export,Einzelqueries,
DocType: Kampagne,Email,E-mail
DocType: Email Drafts,Email Drafts,
DocType: MVD Settings,Email Queue,File d'Attente Email
apps/mvd/mvd/public/js/mvd.js,Email Template,Modèle d&#39;email
apps/mvd/mvd/public/js/mvd.js,Email not sent to {0} (unsubscribed / disabled),Email pas envoyé à {0} (désabonné / désactivé)
apps/mvd/mvd/templates/includes/mvd_qrr_invoice.html,Empfangsschein,Récépissé
DocType: Druckvorlage,Empfänger,
DocType: MW Abo,Empfänger*in,
DocType: MW Abo,Enddatum,
DocType: Service Plattform API,Endpoints,Points de terminaison
apps/mvd/mvd/public/js/mvd.js,Enter Email Recipient(s),Entrez Email du(des) Destinataire(s)
apps/mvd/mvd/mvd/doctype/serien_email/serien_email.js,Entferne Mitglieder ohne gültige E-Mailadresse,
DocType: Mahnlauf,Entwurfs Mahnungen,
DocType: Beratungs Log,Error,Erreur
apps/mvd/mvd/www/503.html,Error Code: {0},Code d'erreur : {0}
DocType: Service Platform Queue,Error Count,
DocType: Service Plattform Log,Error Retry Count,
DocType: CAMT Import,Errors,
apps/mvd/mvd/mvd/doctype/kunden/kunden.js,Erstelle,
apps/mvd/mvd/mvd/doctype/beratung/beratung_list.js,Erstelle Beratungs Termin,
apps/mvd/mvd/mvd/doctype/webshop_order/webshop_order.js,Erstelle Lieferschein...,
apps/mvd/mvd/mvd/doctype/mahnung/mahnung_list.js,Erstelle Mahnungen,
apps/mvd/mvd/mvd/doctype/webshop_order/webshop_order.js,Erstelle Rechnung...,
DocType: Rechnungs Jahresversand,Erstelle Rechnungsdaten & CSV,
apps/mvd/mvd/mvd/doctype/mitgliedschaft/mitgliedschaft_list.js,Erstelle Serien E-Mail,
apps/mvd/mvd/mvd/doctype/mitgliedschaft/mitgliedschaft_list.js,Erstelle Serienbrief,
apps/mvd/mvd/mvd/doctype/beratung/beratung.js,Erstelle ToDo,
apps/mvd/mvd/mvd/doctype/beratung/beratung_list.js,Erstelle neue Beratung,
apps/mvd/mvd/mvd/doctype/beratung/beratung.js,Erstellen,
DocType: Wohnungsabgabe,Erstellen Zustandsbericht,
apps/mvd/mvd/mvd/doctype/mitgliedschaft/mitgliedschaft.js,Erstellung Faktura Kunde,
apps/mvd/mvd/mvd/report/beratungen_mvzh/beratungen_mvzh.py,Erstellungsdatum,
DocType: Datatrans Zahlungsfile,Erzeuge Filespezifischer Report,
DocType: Datatrans Zahlungsfile,Erzeuge alle Reports,
DocType: Beratung,Eröffnet durch,
DocType: Beratung,Eröffnet von,
DocType: Wohnungsabgabe,Expert*in,
DocType: Spendenversand,Experten Modus,
DocType: MW Export,Export Queries,
apps/mvd/mvd/mvd/doctype/mitgliedschaft/mitgliedschaft_dashboard.py,Externe Korrespondenz,
apps/mvd/mvd/public/js/custom_scripts/error_log_list.js,Extrahiere MitgliedIds,
DocType: Fakultative Rechnung,FR-.{sektions_code}.#####,
DocType: Fakultative Rechnung,FRJ-.{sektions_code}.#####,
DocType: CAMT Import,Failed,Échoué
apps/mvd/mvd/config/mvd.py,Faktura / Webshop / Datatrans,
DocType: Webshop Order,Faktura Kunde,
DocType: Webshop Order,Faktura Kunde aktuell,
apps/mvd/mvd/config/mvd.py,Faktura Kunden,
apps/mvd/mvd/mvd/doctype/webshop_order/webshop_order.js,Faktura Kunden Stammdaten updaten,
DocType: Fakultative Rechnung,Fakultative Rechnung,
apps/mvd/mvd/config/mvd.py,Fakultative Rechnungen,
DocType: MVD Settings,Feature Aktivierung / Deaktivierung,
DocType: Digitalrechnung,Fehler,
,Fehler_Bezahlte-Anmeldungen,
,Fehlerkontrolle,
DocType: Massenlauf,Fehlgeschlagen,
DocType: CAMT Import,Fehlgeschlagenes Auslesen,
DocType: CAMT Import,Fehlgeschlagenes Auslesen (CAMT File),
DocType: Datatrans Zahlungsfile,File einlesen,
apps/mvd/mvd/config/mvd.py,Finanzen,
DocType: Kunden,Firma,
DocType: Kunden,Firma (Rechnung),
DocType: PayrexxWebhooks,First Name,Prénom
DocType: Kampagne,First_name,
DocType: Service Plattform API,Flush Limit (SP Ausgehend),
DocType: Service Plattform API,Flush Limit (SP Eingehend),
DocType: Service Plattform API,Flush Queue (SP Ausgehend),
DocType: Sektion,Folgejahr Regelung aktiviert,
apps/mvd/mvd/mvd/doctype/beratung/beratung.js,Forward,
DocType: Beratung,Frage,
apps/mvd/mvd/templates/mvd/fakultative_rechnung_drucktemplate.html,Freie Spende,
DocType: Arbeitsplan Standardzeit,Freitag,
apps/mvd/mvd/mvd/page/mvd_suchmaske/suchmaske.html,Freizügigkeitsabfrage,
DocType: Wohnungsabgabe,"Fretz, Markus",
apps/mvd/mvd/public/js/mvd.js,From,À partir de
DocType: Wohnungsabgabe,"Fuhrer, Peter",
DocType: Sektion,Fusszeile,
DocType: Druckvorlage,Fusszeile Blatt 1 ausblenden,
DocType: Druckvorlage,Fusszeile Blatt 2 ausblenden,
DocType: Druckvorlage,Fusszeile Blatt 3 ausblenden,
apps/mvd/mvd/mvd/doctype/beratung/beratung.js,Fw: {0},Fw: {0}
apps/mvd/mvd/mvd/doctype/beratung/beratung_list.js,Für Beratung,
DocType: Mahnung,Für Massenlauf vormerken,
apps/mvd/mvd/www/digitalrechnung.html,Für die Umstellung auf die digitale Rechnung erfassen Sie bitte unten Ihre E-Mail-Adresse.,"Pour passer à la facture numérique, veuillez saisir votre adresse e-mail ci-dessous."
DocType: Mahnlauf,Gebuchte Mahnungen,
DocType: CAMT Import,Gebuchte Weggezogene,
DocType: CAMT Import,Gebuchte Zahlungen,
DocType: CAMT Import,Gebuchte Zahlungen (Wegzüge),
DocType: CAMT Import,Gelöschte / Abgebrochene Zahlungen,
DocType: Wohnungsabgabe,Geschaeftsraum nach Aufwand,
apps/mvd/mvd/www/digitalrechnung.html,Geschafft!,C'est fait !
apps/mvd/mvd/mvd/doctype/mitgliedschaft/mitgliedschaft.js,Geschenk-Korrespondenz,
DocType: Mitgliedschaft,Geschenk-Reset Rechnung,
DocType: Druckvorlage,Geschenkmitgliedschaft,
DocType: Mitgliedschaft,Geschenkunterlagen an Schenker,
DocType: Druckvorlage,Geschäft,
DocType: Wohnungsabgabe,Geschäftsräume / Loft (Fr. 95.-),
DocType: MVD Email Queue,Gesperrt,
DocType: Beratung,Gesperrt am,
DocType: Beratung,Gesperrt von,
DocType: Spendenversand,Gesperrte Adressen exportieren,
DocType: Mitgliedschaft,Gestorben,
DocType: Service Plattform API Connection,Get Token,
apps/mvd/mvd/public/js/custom_scripts/issue.js,GitLab Issue anlegen,
apps/mvd/mvd/public/js/custom_scripts/issue.js,GitLab Issue öffnen,
DocType: MW Abo,Gratis,
DocType: Status Change,Grund,
DocType: Mitgliedschaft,Grund für abweichenden Betrag,
DocType: Sektion,Gruppen ToDo,
DocType: ToDo Gruppe,Gruppenname,
DocType: Beratung,Guest,Invité
DocType: Wohnungsabgabe,"Guldimann, Ursula",
apps/mvd/mvd/mvd/doctype/mitgliedschaft/utils.py,Guten Tag,Cher membre
apps/mvd/mvd/mvd/doctype/mitgliedschaft/utils.py,Guten Tag {vorname_1} {nachname_1} und {vorname_2} {nachname_2},Cher membre
apps/mvd/mvd/mvd/doctype/mitgliedschaft/utils.py,Guten Tag {vorname} {nachname},Cher membre
DocType: CAMT Import,Guthaben,
apps/mvd/mvd/config/mvd.py,Guthabenübersicht,
,HPV Liste,
DocType: Druckvorlage,HV,
apps/mvd/mvd/public/js/custom_scripts/payment_entry.js,HV Zahlung,
DocType: Druckvorlage,HV mit EZ,
apps/mvd/mvd/mvd/doctype/mitgliedschaft/mitgliedschaft.js,HV-Rechnung,
apps/mvd/mvd/www/digitalrechnung.html,Haben Sie sich unabsichtlich angemeldet? Klicken Sie unten auf,Vous vous êtes inscrit(e) par inadvertance ? Cliquez ci-dessous sur
DocType: Druckvorlage Seite,Haftpflicht,
DocType: Haftpflicht Mitgliedschaft,Haftpflicht Mitgliedschaft,
DocType: CAMT Import,Haftpflichten,
apps/mvd/mvd/templates/mvd/sales_invoice_drucktemplate.html,Haftpflichtversicherung,Assurance responsabilité civile
DocType: Mitgliedschaft,Haftpflichtübersicht,
DocType: Wohnungsabgabe,"Hagi, Martin",
apps/mvd/mvd/mvd/page/vbz/overview.html,Handbuch,
DocType: Handled Postretouren,Handled Postretouren,
DocType: MVD Settings,Hash Salt,
DocType: Beratung,Hat Termine,
DocType: Massenlauf Inaktivierung Mitgliedschaften,Hauptmitglied,
DocType: Kunden,Hausnummer,
DocType: Mitgliedschaft,Hausnummer (Objekt),
DocType: Kunden,Hausnummer (Rechnung),
DocType: Mahnung,Highest Level,Plus haut niveau
apps/mvd/mvd/config/mvd.py,Hilfe Verknüpfungen,
apps/mvd/mvd/config/mvd.py,Hilfe Verknüpfungen direkt zur MVD Wiki,
DocType: Massenlauf Inaktivierung,Hinweis,
DocType: Sektion,Hinweis Mietzinsrechner Erhoehung,
DocType: Sektion,Hinweis Mietzinsrechner Senkung,
DocType: Wohnungsabgabe,"Hofer, Werner",
apps/mvd/mvd/mvd/doctype/arbeitsplan_beratung/arbeitsplan_beratung.js,Hole Berater*innen,
apps/mvd/mvd/www/503.html,Home,Accueil
DocType: Postretouren Einstellungen,Host,Hôte
DocType: Mitgliedschaft,Höchste Mahnstufe,
DocType: Kampagne,ID,ID
DocType: Kampagne,IP,
DocType: Service Platform Queue,Ignore,Ignorer
apps/mvd/mvd/www/digitalrechnung.html,Ihr Wunsch (Papierrechnung) ist festgehalten.,Votre souhait (facture papier) est retenu.
apps/mvd/mvd/www/digitalrechnung.html,Ihre Angaben,Vos données
apps/mvd/mvd/www/digitalrechnung.html,Ihre digitale Rechnung,Votre facture numérique
DocType: CAMT Import,Import,Importer
DocType: CAMT Import,Import Master Data,Importer des données de base
DocType: CAMT Import,Importierte Zahlungen,
DocType: Massenlauf,In Arbeit,
DocType: Retouren,In Bearbeitung,
DocType: CAMT Import,In Verarbeitung,
DocType: Mitgliedschaft,Inaktiv,
apps/mvd/mvd/mvd/doctype/mitgliedschaft/mitgliedschaft.js,Inaktivieren,
,Individueller Arbeitsplan,
apps/mvd/mvd/config/mvd.py,Individueller Arbeitsplan (Druckversion),
DocType: Beratungs Log,Info,Info
DocType: Beratungsort,Infofeld Bestätigungsmail,
DocType: Mitgliedschaft,Informationen,
DocType: Druckvorlage,Inhalt,
DocType: Druckvorlage Seite,Inhalt Rückseite,
DocType: Mitgliedschaft,Inkl. HV,
DocType: Arbeits Backlog,Interessent*Innenbrief mit EZ,
apps/mvd/mvd/mvd/doctype/mitgliedschaft/mitgliedschaft.js,Interessent*Innenbrief mit EZ als erstellt bestätigen,
apps/mvd/mvd/mvd/doctype/kunden/kunden.js,Interessent*in,
DocType: Mitgliedschaft,Interessent*in Typ,
DocType: InteressentIn Typ,InteressentIn Typ,
DocType: Wohnungsabgabe,Internes,
DocType: Mitgliedschaft,Ist Geschenkmitgliedschaft,
DocType: Mitgliedschaft,Ist Kollektiv,
DocType: Mahnung,Ist Zahlungserinnerung,
DocType: Mitgliedschaft,Ist einmalige Schenkung,
apps/mvd/mvd/mvd/doctype/kunden/kunden.js,Item Code,Code de l'Article
DocType: Beratungs Log,JSON,JSON
DocType: JWT,JWT,
DocType: Mahnlauf,Ja,
DocType: Druckvorlage,Jahresrechnung,
DocType: Rechnungs Jahresversand,Jahresversand Zähler,
DocType: MV Jahresversand,Jahresversand für Jahr,
apps/mvd/mvd/mvd/doctype/mitgliedschaft/mitgliedschaft.js,K-Best. E-Mail,
DocType: Datatrans Entry,KKU,
DocType: Kampagne,Kampagne,
apps/mvd/mvd/mvd/doctype/mitgliedschaft/mitgliedschaft_dashboard.py,Kampagnen,
apps/mvd/mvd/config/mvd.py,Kampagnen-Sites,
DocType: Arbeitsplan Beratung,Kann leer gelassen werden.<br>Default wenn leer: Von - Bis (Sektion),
DocType: Sektion,Karenzfrist,
DocType: Beratungskategorie,Kategorie,
DocType: Sektion,Keine Mitgliedschaftssektion,
DocType: Druckvorlage,Keiner,
DocType: Auth0 Key,Key,Clé
DocType: Auth0 Key,Key Name,
DocType: Auth0 Key,Key Type,
DocType: Postretouren Einstellungen,Key-File,
,Klassische Ansicht,
DocType: Wohnungsabgabe,"Kofmel, Urban",
DocType: Mitgliedschaft,Kollektiv,
DocType: Mitgliedschaft,Kommunikationsübersicht,
DocType: Kunden,Kontakt,
DocType: Mitgliedschaft,Kontakt-Kategorien,
apps/mvd/mvd/mvd/page/mvd_suchmaske/suchmaske.html,Kontaktdaten,
DocType: Kontaktkategorien Multiselect,Kontaktkategorie,
DocType: Kontaktkategorien,Kontaktkategorien,
DocType: Kontaktkategorien Multiselect,Kontaktkategorien Multiselect,
apps/mvd/mvd/mvd/doctype/beratung/beratung_list.js,Kontaktperson,
DocType: Kunden,Kontakttyp,
DocType: Kunden,Kontakttyp (Rechnung),
apps/mvd/mvd/templates/includes/mvd_qrr_invoice.html,Konto / Zahlbar an,Compte / Payable à
DocType: Druckvorlage Seite,Kopfzeile,
DocType: Druckvorlage,Korrespondenz,
DocType: Mitgliedschaft,Korrespondenz Zuzug ohne EZ,
DocType: Kunden,Korrespondenzadresse,
,Kuendigungsgruende Sektionsweit,
DocType: Sektion,Kulanz Konto,
DocType: Kunden,Kunde,
DocType: Kunden,Kunden,
DocType: Webshop Order,Kundendaten,
DocType: Webshop Order,Kundendaten geladen,
DocType: Druckvorlage,Kündigung,
DocType: Mitgliedschaft,Kündigung verarbeiten,
apps/mvd/mvd/mvd/doctype/mitgliedschaft/mitgliedschaft.js,Kündigung zurückziehen,
DocType: Spendenversand,Kündigungen nicht berücksichtigen,
DocType: Sektion,Kündigungsbestätigung (DE),
DocType: Sektion,Kündigungsbestätigung (FR),
DocType: Beratung,L,
DocType: MV Help Links,Label,Étiquette
DocType: Kunden,Land,
DocType: Kunden,Land (Rechnung),
DocType: Kampagne,LangCode,
DocType: PayrexxWebhooks,Last Name,Nom de Famille
DocType: Kampagne,Last_name,
DocType: MW,Laufnummer,
DocType: Sektion,Legacy Mode,
DocType: Mitgliedschaft,Letzte Bearbeitung durch,
DocType: Mahnung Invoices,Level,Niveau
apps/mvd/mvd/mvd/doctype/webshop_order/webshop_order.js,Lieferschein erzeugen,
DocType: APB Zuweisung,Link zur Beratung,
DocType: Sektion,Links,Liens
DocType: Druckvorlage,Logo Ausblenden,
DocType: Postretouren Log,Logs,Journaux
DocType: Beratung,M,
apps/mvd/mvd/config/mvd.py,M + W,
apps/mvd/mvd/config/mvd.py,M+W Abo,
DocType: MW Export,M+W Ausgabe,
DocType: Mitgliedschaft,M+W Export,
DocType: Mitgliedschaft,M+W Retoure(n) in Bearbeitung,
DocType: Mitgliedschaft,M+W Retoure(n) offen,
apps/mvd/mvd/mvd/doctype/mitgliedschaft/mitgliedschaft.js,M+W Sperre aufheben,
DocType: Mitgliedschaft,M+W als PDF,
,M+W-Abos mit Rechnung,
DocType: Massenlauf Inaktivierung,M+W-Retouren schliessen,
DocType: Termin Kontaktperson,MD-Hash,
DocType: Mahnung,MNG-.#####,
DocType: MV Beratung,MV Beratung,
DocType: MV Help Links,MV Help Links,
DocType: MV Jahresversand,MV Jahresversand,
DocType: MV Jahresversand Rechnungen,MV Jahresversand Rechnungen,
DocType: MV Beratung,MV Mitgliedschaft,
DocType: Druckvorlage,MV Sektion Geschäftsleitung,
DocType: Arbeits Backlog,MV Sektionsmitarbeiter*in,
DocType: Arbeits Backlog,MV Sektionsmitarbeiter*in RO,
,MVAG_Beratungsstatistik,
DocType: Datatrans Entry,MVB Typ,
,MVBE Admin: HK_u_MZ,
,MVBE Adressen DAL Test,
,MVBE Eintritt per Datum,
,MVBE Eintritt per Datum ,
,MVBE Neueintritte per Datum,
,MVBE Neueintritte per Datum ,
DocType: APB Zuweisung,MVD,
DocType: Druckvorlage,MVD Admin,
DocType: MVD Email Queue,MVD Email Queue,
DocType: MVD Email Queue Mail,MVD Email Queue Mail,
DocType: Mahnlauf,MVD Sektionsmitarbeiter*in,
DocType: MVD Settings,MVD Settings,
,MVD_ASI-ASLOCA Wegzüge,
,"MVD_Wegzüge IN 0,ASI,ASLOCA",
,MVZH Beratung Prüfungsreport,
DocType: Mitgliedschaft,MVZH_Bericht,
DocType: Arbeits Backlog,MV_ERB,
DocType: Beratung,MV_ERB Permission,
DocType: Beratungsort,MV_GL,
DocType: Arbeits Backlog,MV_MA,
DocType: Kunden,MV_MVD,
DocType: Arbeits Backlog,MV_RB,
DocType: Fakultative Rechnung,MV_RW,
DocType: Termin,MV_beta,
DocType: MW,MW,
DocType: MW Abo,MW Abo,
,MW Anazhl Kontrolle,
,MW Anzahl Kontrolle,
DocType: MW Einzelqueries,MW Einzelqueries,
DocType: MW Export,MW Export,
,MW-Auflagenkontrolle,
,MW-Export,
DocType: Sektion,MWST In Faktura Rechnung ausblenden,
DocType: Sektion,MZR Alter unsicher speziell,
DocType: Sektion,MZR Beratung,
DocType: Sektion,MZR E-Mail,
DocType: Sektion,MZR Neutral,
DocType: Sektion,MZR Ort,
DocType: Sektion,MZR PLZ,
DocType: Sektion,MZR Strasse,
DocType: Sektion,MZR Telefon,
DocType: Sektion,MZR Website,
DocType: Mahnlauf,Mahnlauf,
DocType: Mahnung,Mahnlauf Referenz,
DocType: Druckvorlage,Mahnstufe,
DocType: Druckvorlage,Mahntyp,
DocType: Druckvorlage,Mahnung,
DocType: Sektion,Mahnung 1 nach ... Tagen (ab Fälligkeitsdatum),
DocType: Sektion,Mahnung 2 nach ... Tagen (ab Fälligkeitsdatum),
DocType: Sektion,Mahnung 3 nach ... Tagen (ab Fälligkeitsdatum),
DocType: Sektion,Mahnung 4 nach ... Tagen (ab Fälligkeitsdatum),
DocType: Mahnung Invoices,Mahnung Invoices,
DocType: MVD Email Queue,Mahnungen,
DocType: Mahnlauf,Mahnungen Stornieren,
DocType: Mahnlauf,Mahnungen Total,
DocType: Mahnlauf,Mahnungen per E-Mail,
DocType: Email Drafts,Mail,
DocType: Mitgliedschaft,Mandat,
DocType: Mandat Mitgliedschaft,Mandat Mitgliedschaft,
DocType: Mitgliedschaft,Mandatübersicht,
DocType: Serien Email Empfaenger,Manuelle E-Mail,
DocType: MVD Settings,Manuelle Rechnungsartikel auswahl,
apps/mvd/mvd/mvd/doctype/camt_import/camt_import.js,Manuelle Status Änderung,
apps/mvd/mvd/mvd/doctype/postretouren_log/postretouren_log.js,Manuelle Verabreitung starten,
DocType: Beratungsdateien,Manueller Dokumententyp,
DocType: Mahnlauf,Manuelles Fälligkeitsdatum,
DocType: Mahnlauf,Massenlauf,
DocType: Massenlauf Inaktivierung,Massenlauf Inaktivierung,
DocType: Massenlauf Inaktivierung Mitgliedschaften,Massenlauf Inaktivierung Mitgliedschaften,
DocType: Mahnung,Massenlauf Referenz,
DocType: Korrespondenz,Massenlauf vormerkung,
DocType: Postretouren Log tbl,Message,Message
apps/mvd/mvd/public/js/mvd.js,Message clipped,Message coupé
DocType: Beratungs Log,Method,Méthode
DocType: Beratungsdateien,Mietvertrag,
DocType: Beratungsdateien,Mietzinserhöhung,
DocType: Beratungsdateien,Mietzinsherabsetzung,
DocType: Sektion,Mietzinsrechner (MZR),
DocType: Druckvorlage,Migriert (Neues CD),
DocType: Mitgliedschaft,Mitarbeitende,
DocType: Kampagne,Mitglied,Membre
apps/mvd/mvd/mvd/doctype/kunden/kunden.js,Mitglied (Regulär),
DocType: Mitglied Main Naming,Mitglied Hash,
DocType: Datatrans Entry,Mitglied ID,
DocType: Mitglied Main Naming,Mitglied Main Naming,
apps/mvd/mvd/mvd/report/guthaben/guthaben.py,Mitglied Name,
DocType: Datatrans Entry,Mitglied Nr,
DocType: Kunden,Mitglied Nr.,
DocType: Service Plattform API,Mitglied Nr. & ID Bezug deaktivieren,
DocType: Mitglied Main Naming,Mitglied Nummer,
DocType: Mitglied Main Naming,Mitglied Nummer Raw,
apps/mvd/mvd/mvd/report/guthaben/guthaben.py,Mitglied Status,
DocType: Datatrans Entry,Mitglied: Abweichender Betrag,
DocType: Datatrans Entry,Mitglied: Doppelimport,
DocType: Datatrans Entry,Mitglied: Gutschrift,
DocType: Datatrans Entry,Mitglied: Match,
DocType: Datatrans Entry,Mitglied: No Match,
DocType: Kampagne,MitgliedHash,
DocType: Digitalrechnung,MitgliedID,
DocType: Digitalrechnung,MitgliedNummer,
apps/mvd/mvd/mvd/page/vbz/overview.html,Mitglieder,
DocType: MVD Settings,Mitglieder Hash,
DocType: Sektion,Mitgliederausweis,Carte de membre
,Mitgliederbeitraege,
apps/mvd/mvd/templates/mvd/mahnung_drucktemplate.html,Mitgliederbeitrag,Cotisation membre
DocType: Wohnungsabgabe,Mitgliederdaten übernehmen,
DocType: Wohnungsabgabe,Mitgliedernummer,
,Mitgliederstatistik,
,Mitgliederversammlung Biel Seeland Jura 2024,
,Mitgliederversammlung Thun Oberland 2024 Einladungsversand,
,Mitgliederversammlung Thun Oberland 2024 Einladungsversand ,
apps/mvd/mvd/config/mvd.py,Mitgliederverwaltung,
apps/mvd/mvd/mvd/report/telefonliste/telefonliste.py,Mitgliedname,
DocType: Arbeits Backlog,Mitgliedschaft,
DocType: Druckvorlage,Mitgliedschaft (Jahresrechnung),
DocType: Mitgliedschaft MultiSelect,Mitgliedschaft MultiSelect,
DocType: CAMT Import,Mitgliedschaften,
DocType: Datatrans Report,Mitgliedschaften pro File,
,Mitgliedschafts Duplikate,
DocType: Mahnung Invoices,Mitgliedschafts-Jahr,
apps/mvd/mvd/public/js/custom_scripts/payment_entry.js,Mitgliedschafts-Korrespondenz erstellen,
apps/mvd/mvd/mvd/doctype/mitgliedschaft/mitgliedschaft.js,Mitgliedschafts-Rechnung,
apps/mvd/mvd/mvd/doctype/mitgliedschaft/mitgliedschaft.js,Mitgliedschafts-Rechnung (Geschenk),
DocType: Korrespondenz,Mitgliedschaftsjahr,
DocType: Korrespondenz,Mitgliedschaftsjahr manuell festlegen,
DocType: Mahnung Invoices,Mitgliedschaftsrechnung,
,Mitgliedschaftssuche,
DocType: Mahnung,Mitgliedstatus,
DocType: Datatrans Entry,Mitgliedtyp,
DocType: Sektion,Mitte,
DocType: Arbeitsplan Standardzeit,Mittwoch,
DocType: Mitgliedschaft,Miveba Buchungen,
DocType: Datatrans Report,Monatsreport MVD,
DocType: Datatrans Report,Monatsreport Sektion,
DocType: Arbeitsplan Standardzeit,Montag,
,Muster Adressexport Druckerei,
apps/mvd/mvd/mvd/doctype/mitgliedschaft/mitgliedschaft.js,Mutation,
DocType: Mitgliedschaft,"Nachdem das Mitglied von dieser Sektion weggezogen ist, erhielt es die ID ""Zuzug ID""",
DocType: Kunden,Nachname,
DocType: Mahnung,Nachname (Kunde),
DocType: Kunden,Nachname (Rechnung),
DocType: Mitgliedschaft,Nachname (Solidar),
apps/mvd/mvd/mvd/report/spendenuebersicht/spendenuebersicht.py,Nachname Solidar MG,
apps/mvd/mvd/mvd/report/beratungen_mvzh/beratungen_mvzh.py,Name Person,
DocType: Fakultative Rechnung,Naming Series,Nom de série
DocType: Mahnlauf,Nein,
apps/mvd/mvd/mvd/doctype/massenlauf_inaktivierung/massenlauf_inaktivierung_list.js,Neu,
DocType: Service Plattform Log,Neuanlage,
apps/mvd/mvd/mvd/doctype/webshop_order/webshop_order.js,Neuanlage Faktura Kunde,
DocType: Wohnungsabgabe,Neue Adresse,
DocType: Retouren,Neue Adresse (JSON),
DocType: Retouren,Neue Adresse (Post),
DocType: Retouren,Neue Adresse gültig ab,
DocType: Service Plattform API,Neue Mitgliedernummer,
apps/mvd/mvd/mvd/doctype/beratung/beratung.js,Neuer Input verarbeitet,
DocType: Rechnungs Jahresversand,Neustart,
DocType: Serien Email,New,Nouveau(elle)
apps/mvd/mvd/public/js/mvd.js,New Email,Nouvel Email
DocType: Kampagne,NewsletterName,
DocType: CAMT Import,Nicht eingelesene Zahlungen,
DocType: CAMT Import,Nicht eingelesene Zahlungen (ERPNext),
DocType: CAMT Import,Nicht zugewiesene Zahlungen,
DocType: Beratung,Nicht-Mitglied-Abgewiesen,
DocType: Wohnungsabgabe,Nichtmitglieder-Zuschlag ,
DocType: Wohnungsabgabe,Nichtmitglieder-Zuschlag (Fr. 70.-),
DocType: Kampagne,Nl_abo,
DocType: MVD Email Queue,Not send,
DocType: Beratung Termin,Notiz,
DocType: Beratung,Notiz (Intern),
DocType: Webshop Order,Nr.,
DocType: Kunden,Nr. Zusatz,
DocType: Mitgliedschaft,Nr. Zusatz (Objekt),
DocType: Kunden,Nr. Zusatz (Rechnung),
DocType: Massenlauf Inaktivierung Mitgliedschaften,Nummer,
DocType: Spendenversand,Nur Daten exportieren - Keine RG Erstellung,
DocType: Mahnlauf,Nur Zahlungserinnerungen,
DocType: Beratung,Nächster Termin,
DocType: Mitgliedschaft,Nächstes Jahr geschuldet,
DocType: Mitgliedschaft,Objekt,
DocType: Mitgliedschaft,Objektadresse,
DocType: Mahnung,Obsolet: Hidden Linking,
DocType: Mahnung,Obsolet: Mitgliedschaft(en),
DocType: Massenlauf,Offen,
DocType: Massenlauf Inaktivierung,Offene Jahresrechnung,
,Offene Mitgliederbeiträge 2024,
DocType: Druckvorlage Seite,Offene Spende,
apps/mvd/mvd/public/js/mvd.js,"On {0}, {1} wrote:","Sur {0}, {1} a écrit :"
DocType: Mitgliedschaft,Online-Anmeldung,
DocType: Mitgliedschaft,Online-Beitritt,
DocType: Mitgliedschaft,Online-Kündigung,
apps/mvd/mvd/mvd/doctype/mitgliedschaft/mitgliedschaft.js,Online-Kündigung verarbeiten,
DocType: Mitgliedschaft,Online-Mutation,
DocType: Arbeits Backlog,Open,Ouvert
DocType: Digitalrechnung,Opt-In,
DocType: Digitalrechnung,Opt-Out,
apps/mvd/mvd/mvd/doctype/beratung/beratung.js,Ort,
DocType: Mitgliedschaft,Ort (Objekt),
DocType: Kunden,Ort (Rechnung),
DocType: APB Zuweisung,Ort / Art,
DocType: Sektion,Ort Korrespndenz (Default),
DocType: Mahnung Invoices,Outstanding Amount,Montant dû
DocType: Daily Snap,Overview,
DocType: MW Abo,PDF,PDF
DocType: Kunden,PLZ,
DocType: Mitgliedschaft,PLZ (Objekt),
DocType: Kunden,PLZ (Rechnung),
DocType: PLZ Sektion Zuordnung,PLZ Sektion Zuordnung,
DocType: PLZ Sektion Zuordnung,PLZ Zuordnung,
DocType: MW Export,PLZ bis,
DocType: MW Export,PLZ von,
DocType: Sektion,POS Profil für Barzahlungen,
DocType: MVD Settings,PWD Reset URL,
DocType: MVD Settings,PWD-Reset Absender,
DocType: MVD Settings,PWD-Reset Betreff,
DocType: MVD Settings,PWD-Reset Template,
DocType: MVD Settings,PWD-Reset-Mail Testadresse,
DocType: MVD Settings,PWD-Reset-Mail an Testadresse,
DocType: Fakultative Rechnung,Paid,Payé
DocType: MVD Email Queue,Partially send,
DocType: Rechnungs Jahresversand,Pausiert,
DocType: MVD Settings,Payrexx,
DocType: Payrexx IP,Payrexx IP,
DocType: PayrexxWebhooks,PayrexxWebhooks,
DocType: Mahnung,Per Mail,
DocType: Mitgliedschaft,Personenbezogene Daten,
DocType: PayrexxWebhooks,Personendaten,
apps/mvd/mvd/www/digitalrechnung.html,Pflichtfeld,obligatoire
DocType: PayrexxWebhooks,Phone,Téléphone
DocType: PayrexxWebhooks,Place,
apps/mvd/mvd/templates/emails/website_pwd_reset.html,Please click on the following link to set your new password,Veuillez cliquer sur le lien suivant pour définir votre nouveau mot de passe
apps/mvd/mvd/mvd/page/individueller_arbeitsplan/individueller_arbeitsplan.js,Please enable pop-ups,Veuillez autoriser les pop-ups
apps/mvd/mvd/mvd/doctype/kunden/kunden.py,Please select a Company,Veuillez sélectionner une Société
DocType: Kampagne,Pledge Anz.,
DocType: Postretouren Einstellungen,Port,Port
DocType: Postretouren Einstellungen,Post SFTP,
DocType: Service Plattform API Connection,PostNotiz,
DocType: Kunden,Postfach,
DocType: Kunden,Postfach (Rechnung),
DocType: Kunden,Postfach Nr.,
DocType: Kunden,Postfach Nummer (Rechnung),
DocType: Mahnung Invoices,Posting Date,Date de Comptabilisation
DocType: Druckvorlage Seite,Postleitzahl und Ort (PP),
DocType: Region,Postleitzahlen Zuordnung,
DocType: Postnotiz,Postnotiz,
DocType: Service Plattform API,Postnotiz Retouren MVZH,
DocType: Postretouren Einstellungen,Postretouren Einstellungen,
DocType: Postnotiz,Postretouren Log,
DocType: Postretouren Log tbl,Postretouren Log tbl,
DocType: Beratung,Priorität (Beratungsfall),
DocType: Druckvorlage,Privat,
DocType: Beratung,Problemstellung/Anfrage (Intern),
DocType: Druckvorlage,Produkte / Dienstleistungen,
DocType: CAMT Import,Produkte Rechnungen,
DocType: Sektion,Pseudo Sektion,
DocType: JWT,Public Key,Clé publique
DocType: Wohnungsabgabe,QA-Mail Druckvorlage,
DocType: MVD Settings,QA-Mail Testadresse,
DocType: MVD Settings,QA-Mail an Testadresse senden,
DocType: Wohnungsabgabe,QA-Mail versendet,
DocType: MVD Settings,QA-Mailversand,
DocType: Druckvorlage,QRR EZ,
DocType: Druckvorlage,QRR EZ auf Folgeseite verschieben,
DocType: Fakultative Rechnung,QRR Referenz,
DocType: MW Einzelqueries,Qeruy,
apps/mvd/mvd/mvd/doctype/kunden/kunden.js,Qty,Qté
DocType: Kampagne,Quelle,
DocType: MW Export,Queries,
DocType: MW Export,Query,Requête
DocType: MW Export,Query Generator,
DocType: MW Export,Query hinzufügen,
DocType: Serien Email Empfaenger,Queue,
DocType: Service Plattform API,Queue aktiv (SP Ausgehend),
apps/mvd/mvd/mvd/report/mitgliederbeitraege/mitgliederbeitraege.py,R-Datum,
DocType: Datatrans Entry,REFNUMBER,
DocType: RJV JSON,RJV JSON,
DocType: JWT,RS256,
apps/mvd/mvd/mvd/doctype/kunden/kunden.js,Rate,Taux
DocType: Retouren,RawData,
apps/mvd/mvd/public/js/mvd.js,Re: {0},Re: {0}
apps/mvd/mvd/mvd/doctype/mitgliedschaft/mitgliedschaft.js,Reaktivieren,
DocType: MVD Settings,Reaktivierung von inaktiven Mitgliedschaften,
DocType: Fakultative Rechnung,Rechnung,
DocType: Druckvorlage,Rechnung (Sonstiges),
DocType: Webshop Order,Rechnung / Lieferschein,
DocType: Mitgliedschaft,Rechnung Massendruck,
apps/mvd/mvd/mvd/report/mitgliederbeitraege/mitgliederbeitraege.py,Rechnung Status,
apps/mvd/mvd/mvd/doctype/webshop_order/webshop_order.js,Rechnung erzeugen,
DocType: MV Jahresversand,Rechnungen,
DocType: Rechnungs Jahresversand,Rechnungen stonieren,
DocType: Webshop Order,Rechnungs Adressblock,
DocType: Mitgliedschaft,Rechnungs Briefanrede,
DocType: Rechnungs Jahresversand,Rechnungs Jahresversand,
DocType: Mitgliedschaft,Rechnungs Massendruck Vormerkung,
DocType: CAMT Import,Rechnungs Match (nach Import),
DocType: Mitgliedschaft,Rechnungs-Adressblock,
DocType: Kunden,Rechnungsadresse,
DocType: Wohnungsabgabe,Rechnungsadresse (abweichend),
DocType: Rechnungs Jahresversand,Rechnungsdaten,
DocType: Rechnungs Jahresversand,Rechnungsdaten JSON,
DocType: Rechnungs Jahresversand,Rechnungsdaten in Arbeit,
DocType: Rechnungs Jahresversand,Rechnungsdaten und CSV erstellt,
DocType: Fakultative Rechnung,Rechnungsdatum,
DocType: Kunden,Rechnungsempfänger,
DocType: MV Jahresversand,Rechnungserstellung abgeschlossen am,
DocType: MVD Settings,Rechnungstext anpassungen,
apps/mvd/mvd/public/js/custom_scripts/sales_invoice.js,Rechnungstext manuell bearbeiten,
DocType: Webshop Order,Rechnungstotal,
DocType: Rechnungs Jahresversand,Rechnungsverbuchung in Arbeit,
apps/mvd/mvd/mvd/doctype/kunden/kunden_dashboard.py,Rechnungswesen,
DocType: Sektion,Rechts,
DocType: CAMT Import,Redesign,
DocType: MVD Settings,Redirect URL bei Ablehnung,
DocType: Mitgliedschaft,Reduziert,
DocType: Druckvorlage,Reduzierte Mitgliedschaft,
apps/mvd/mvd/templates/includes/mvd_qrr_invoice.html,Referenz,Référence
DocType: Druckvorlage Seite,Referenzblock,
DocType: Druckvorlage,Referenzblock auf Blatt 1 ausblenden,
DocType: Druckvorlage,Referenzblock auf Blatt 2 ausblenden,
DocType: Druckvorlage,Referenzblock auf Blatt 3 ausblenden,
DocType: Korrespondenz,Referenzblock auf Seite 1 ausblenden,
DocType: Korrespondenz,Referenzblock auf Seite 2 ausblenden,
DocType: Korrespondenz,Referenzblock auf Seite 3 ausblenden,
DocType: Mitgliedschaft,Region,Région
DocType: Region,Region ID,
DocType: Region PLZ,Region PLZ,
DocType: Mitgliedschaft,Region manuell festgelegt,
apps/mvd/mvd/config/mvd.py,Regionen,
apps/mvd/mvd/config/mvd.py,Regions Einstellungen,
DocType: Mitgliedschaft,Regulär,
DocType: Mahnung,Reminder Charge,Charge de rappel
apps/mvd/mvd/mvd/doctype/beratung/beratung.js,Reply,Répondre
apps/mvd/mvd/public/js/custom_scripts/communication.js,Reply All,Répondre à Tous
DocType: Datatrans Report,Report Typ,
apps/mvd/mvd/mvd/doctype/datatrans_zahlungsfile/datatrans_zahlungsfile_dashboard.py,Reports,Rapports
DocType: Webshop Order,Request,
DocType: Service Plattform Log,Request Data,Données de la requête
apps/mvd/mvd/mvd/doctype/service_plattform_log/service_plattform_log.js,Request ausführen,
DocType: Datatrans Zahlungsfile,Reset Daten,
apps/mvd/mvd/templates/emails/website_pwd_reset.html,Reset your password,Réinitialisez votre mot de passe
DocType: Service Plattform Log,Response,Réponse
DocType: Service Plattform Log,Retoure,
DocType: Retouren,Retouren,
DocType: MVD Settings,Retouren Handling in Mitgliedschaft,
DocType: PayrexxWebhooks,Rohdaten,
DocType: Auth0 Key,Role,Rôle
DocType: Wohnungsabgabe,"Rufer, Lilli",
apps/mvd/mvd/mvd/doctype/beratung/beratung.js,Rückfrage,
DocType: Beratung,Rückfrage: Termin vereinbaren,
DocType: Beratung,Rückfragen,
DocType: Druckvorlage,Rückseite,
apps/mvd/mvd/public/js/custom_scripts/payment_entry.js,Rückzahlung,
DocType: Beratung,S,
DocType: Mitgliedschaft,SP,
apps/mvd/mvd/mvd/doctype/mitgliedschaft/mitgliedschaft.js,SP > ERPNext,
apps/mvd/mvd/mvd/report/beratungen_mvzh/beratungen_mvzh.py,SP Annahme,
DocType: Service Plattform API,SP Eingehende Requests sofort ausführen,
apps/mvd/mvd/mvd/report/beratungen_mvzh/beratungen_mvzh.py,SP Lieferung,
DocType: SP Mitglied Data,SP Mitglied Data,
apps/mvd/mvd/mvd/report/beratungen_mvzh/beratungen_mvzh.py,SP Status,
DocType: Spendenversand,SQL,
DocType: Mahnung Invoices,Sales Invoice,Facture de Vente
DocType: Mahnung,Sales Invoices,
DocType: Arbeitsplan Standardzeit,Samstag,
DocType: Druckvorlage,Schenkende*r,
DocType: Beratung,Schlichtungs-Coaching,
apps/mvd/mvd/mvd/doctype/beratung/beratung.js,Schliessen,Fermer
apps/mvd/mvd/config/mvd.py,Schnittstellen Logs,
DocType: CAMT Import,Schritt 1 von 3: Nur Zahlungen einlesen,
DocType: CAMT Import,Schritt 2 von 3: Zahlungen Matchen,
DocType: CAMT Import,Schritt 3 von 3: Zahlungen verbuchen,
DocType: Wohnungsabgabe,"Schärer, Kathrin",
DocType: Mitgliedschaft,Search Hash,
DocType: Calendar Sync Settings,Secret,Secret
apps/mvd/mvd/mvd/doctype/mitgliedschaft/utils.py,Sehr geehrte Frau und Herr {nachname_1},"Chère Madame {nachname_1}, cher Monsieur {nachname_1}"
apps/mvd/mvd/mvd/doctype/mitgliedschaft/utils.py,"Sehr geehrte Frau {nachname_1}, sehr geehrte Frau {nachname_2}","Chère Madame {nachname_1}, chère Madame {nachname_2}"
apps/mvd/mvd/mvd/doctype/mitgliedschaft/utils.py,"Sehr geehrte Frau {nachname_1}, sehr geehrter Herr {nachname_2}","Chère Madame {nachname_1}, cher Monsieur {nachname_2}"
apps/mvd/mvd/mvd/doctype/mitgliedschaft/utils.py,Sehr geehrte Frau {nachname},Chère Madame {nachname}
apps/mvd/mvd/mvd/doctype/mitgliedschaft/utils.py,"Sehr geehrte Frau {vorname_1} {nachname_1}, sehr geehrte Frau {vorname_2} {nachname_2}",Mesdames {vorname_1} {nachname_1} et {vorname_2} {nachname_2}
apps/mvd/mvd/mvd/doctype/mitgliedschaft/utils.py,Sehr geehrte Herr und Frau {nachname_1},"Chère Madame {nachname_1}, cher Monsieur {nachname_1}"
apps/mvd/mvd/mvd/doctype/mitgliedschaft/utils.py,"Sehr geehrter Herr {nachname_1}, sehr geehrte Frau {nachname_2}","Chère Madame {nachname_2}, cher Monsieur {nachname_1}"
apps/mvd/mvd/mvd/doctype/mitgliedschaft/utils.py,"Sehr geehrter Herr {nachname_1}, sehr geehrter Herr {nachname_2}","Cher Monsieur {nachname_1}, cher Monsieur {nachname_2}"
apps/mvd/mvd/mvd/doctype/mitgliedschaft/utils.py,Sehr geehrter Herr {nachname},Cher Monsieur {nachname}
apps/mvd/mvd/mvd/doctype/mitgliedschaft/utils.py,"Sehr geehrter Herr {vorname_1} {nachname_1}, sehr geehrter Herr {vorname_2} {nachname_2}","Cher Monsieur {vorname_1} {nachname_1}, cher Monsieur {vorname_2} {nachname_2}"
DocType: Druckvorlage,Seiten,
DocType: Druckvorlage,Seitenmanagement,
DocType: Druckvorlage Seite,Seitenzahlen,
DocType: Arbeits Backlog,Sektion,Séction
DocType: PLZ Sektion Zuordnung,Sektion / Region,
DocType: Sektion,Sektion ID,
DocType: Sektion PLZ Zuordnung,Sektion PLZ Zuordnung,
apps/mvd/mvd/config/mvd.py,Sektionen,
apps/mvd/mvd/config/mvd.py,Sektions Einstellungen,
DocType: Sektion,Sektionscode,
apps/mvd/mvd/mvd/doctype/mitgliedschaft/mitgliedschaft.js,Sektionswechsel,
DocType: Mitgliedschaft,Sektionswechsel beantragt,
apps/mvd/mvd/public/js/mvd.js,Select Attachments,Sélectionner Pièces Jointes
apps/mvd/mvd/public/js/mvd.js,Select Languages,Sélectionner les Langues
apps/mvd/mvd/public/js/mvd.js,Select Print Format,Sélectionner le Format d'Impression
DocType: Massenlauf Inaktivierung,Selektionskriterien,
DocType: MVD Email Queue,Send,Envoyer
DocType: Service Plattform API,Send Beratung to SP unterbrechen,
apps/mvd/mvd/public/js/mvd.js,Send Read Receipt,Envoyer Accusé de Réception
apps/mvd/mvd/public/js/mvd.js,Send me a copy,
DocType: Kampagne,Send to SP,
DocType: Service Plattform API,Senden von Kampagnen deaktivieren,
DocType: Service Plattform API,Senden von MVZH Postnotizen deaktivieren,
DocType: Serien Email,Sending,Envoi
DocType: MVD Email Queue,Sending finished with errors,
DocType: Handled Postretouren,Sendungsnummer,
DocType: Sektion,Serien E-Mail,
DocType: MVD Settings,Serien E-Mail Versand,
DocType: Serien Email,Serien Email,
DocType: Serien Email Empfaenger,Serien Email Empfaenger,
apps/mvd/mvd/mvd/page/vbz/overview.html,Serienbrief,
DocType: Service Platform Queue,Service Platform Queue,
DocType: Service Plattform API,Service Plattform API,
DocType: Service Plattform API Connection,Service Plattform API Connection,
DocType: Service Plattform Log,Service Plattform Log,
apps/mvd/mvd/www/503.html,Service Unavailable,
DocType: Service Plattform API Connection,ServicePF,
DocType: Service Plattform API Connection,ServicePFmvs,
apps/mvd/mvd/mvd/doctype/kunden/kunden.js,Set,Ensemble
,Setup E-Mail-Beratung,
apps/mvd/mvd/mvd/page/vbz/overview.html,Shortcuts,Raccourcis
apps/mvd/mvd/www/digitalrechnung.html,Sie haben sich für die Rechnung auf Papier per Post entschieden.,Vous avez choisi de reçevoir votre facture par courrier.
apps/mvd/mvd/www/digitalrechnung.html,Sie möchten Ihre Rechnung in Zukunft digital erhalten., 
DocType: Postretouren Log tbl,Skip,
DocType: Service Plattform Log,Sofortige Ausführung,
DocType: Mitgliedschaft,Solidaritätsmitglied,
DocType: Massenlauf Inaktivierung Mitgliedschaften,Solidarmitglied,
DocType: Arbeitsplan Standardzeit,Sonntag,
DocType: Beratungsdateien,Sonstiges,
DocType: Fakultative Rechnung,Spende,Donation
DocType: Fakultative Rechnung,Spende (Spendenversand),
DocType: Druckvorlage,Spende mit EZ,
DocType: CAMT Import,Spenden,
apps/mvd/mvd/mvd/doctype/mitgliedschaft/mitgliedschaft.js,Spenden-Rechnung,
DocType: Druckvorlage Seite,Spendenbetrag,
,Spendenuebersicht,
DocType: Spendenversand,Spendenversand,
apps/mvd/mvd/mvd/doctype/beratung/beratung.js,Splitten,
DocType: MW Export,Sprach reset,
DocType: Digitalrechnung,Sprache,
DocType: Fakultative Rechnung,Stammdaten,
,Standard,Standard
DocType: Sektion,Standard Account,
DocType: Sektion,Standard Berater*in,
DocType: Sektion,Standard Kunde,
DocType: Druckvorlage,Standard Vorlage,
DocType: Termin Kontaktperson,Standardzeiten,
DocType: MW Abo,Startdatum,
DocType: MV Jahresversand,Starte Jahres-Lauf,
DocType: Massenlauf,Starte Massenlauf,
DocType: Rechnungs Jahresversand,Starte Rechnungsverbuchung,
apps/mvd/mvd/mvd/doctype/rechnungs_jahresversand/rechnungs_jahresversand.js,Starte Rechnungsverbuchung neu...,
apps/mvd/mvd/mvd/doctype/rechnungs_jahresversand/rechnungs_jahresversand.js,Starte Rechnungsverbuchung...,
apps/mvd/mvd/mvd/doctype/serien_email/serien_email.js,Starte Versand,
DocType: Arbeits Backlog,Status,Statut
DocType: Status Change,Status Change,
DocType: Mitgliedschaft,Status Historie,
apps/mvd/mvd/mvd/doctype/mitgliedschaft/mitgliedschaft.js,Status Historie ergänzen,
DocType: Status Change,Status alt,
DocType: Status Change,Status neu,
DocType: Mitgliedschaft,Status vor Online-Mutation,
DocType: Mitgliedschaft,Statuten ok,
DocType: Mahnlauf,Steuerung,
DocType: Sektion,Stichtag Gratis bis ende Jahr,
DocType: Sektion,Stichtag Kündigung,
DocType: Sektion,Stichtag Reduzierter Mitgliederbeitrag,
DocType: Druckvorlage Seite,Stichwort,
apps/mvd/mvd/mvd/doctype/serien_email/serien_email.js,Stoppe Versand,
DocType: Rechnungs Jahresversand,Storniert,
DocType: Mahnlauf,Stornierte Mahnungen,
DocType: CAMT Import,Stornierte Zahlungen,
apps/mvd/mvd/public/js/custom_scripts/payment_entry.js,Storno Rollback,
DocType: Kampagne,Strasse,
DocType: Mitgliedschaft,Strasse (Objekt),
DocType: Kunden,Strasse (Rechnung),
DocType: Kampagne,Strasse Hausnummer,
DocType: Wohnungsabgabe,Strasse und Nummer,
DocType: PayrexxWebhooks,Street,
DocType: Mitgliedschaft,Studierende,
apps/mvd/mvd/public/js/mvd.js,Subject,Sujet
DocType: Kampagne,SubscribedOverPledge,
apps/mvd/mvd/mvd/page/vbz/overview.html,Suchmaske,
DocType: MVD Settings,Suspend sending to SP,
DocType: Wohnungsabgabe,"Suter, Heinz",
DocType: Arbeits Backlog,System Manager,Responsable Système
DocType: Datatrans Entry,TERMID,
DocType: Datatrans Entry,TRANSDATETIME,
DocType: Beratung,Tabellen durch Paragraphen ersetzen,
DocType: Postretouren Einstellungen,Target Path,
DocType: Wohnungsabgabe,Tarife,
DocType: Kampagne,Technisches,
DocType: Kunden,Tel. Geschäftlich,
DocType: Kunden,Tel. Geschäftlich (Rechnung),
DocType: Mitgliedschaft,Tel. Geschäftlich (Solidar),
DocType: Webshop Order,Tel. M,
DocType: Kunden,Tel. Mobil,
DocType: Kunden,Tel. Mobil (Rechnung),
DocType: Mitgliedschaft,Tel. Mobil (Solidar),
DocType: Webshop Order,Tel. P,
DocType: Kunden,Tel. Privat,
DocType: Kunden,Tel. Privat (Rechnung),
DocType: Mitgliedschaft,Tel. Privat (Solidar),
DocType: Beratung,Telefon,
,Telefonliste,
apps/mvd/mvd/mvd/doctype/beratung/beratung.js,Telefonnummer,
DocType: Beratung,Termin,
DocType: Termin Kontaktperson,Termin Kontaktperson,
DocType: Termin Kontaktperson Multi User,Termin Kontaktperson Multi User,
apps/mvd/mvd/mvd/doctype/beratung/beratung.js,Termin erstellen,
apps/mvd/mvd/mvd/doctype/beratung/beratung.js,Termin vereinbaren,
DocType: Beratung,Termin vereinbart,
apps/mvd/mvd/mvd/doctype/beratung/beratung.js,Termin vergeben,
apps/mvd/mvd/mvd/page/vbz/overview.html,Termine,
apps/mvd/mvd/mvd/doctype/mitgliedschaft/mitgliedschaft_dashboard.py,Termine / Beratungen,
DocType: Beratung,Terminkategorie,
DocType: Druckvorlage,Text,Texte
apps/mvd/mvd/www/503.html,The server is currently unable to handle the request due to a temporary overloading or maintenance of the server. The implication is that this is a temporary condition which will be alleviated after some delay.,
apps/mvd/mvd/mvd/report/beratungs_termine/beratungs_termine.py,Thema,
apps/mvd/mvd/public/js/mvd.js,There were errors while sending email. Please try again.,Il y a eu des erreurs lors de l'envoi d’emails. Veuillez essayer à nouveau.
DocType: Druckvorlage,Tipps,
DocType: Arbeitsplan Beratung,Titel,
DocType: Beratungs Log,Title,Titre
apps/mvd/mvd/public/js/mvd.js,To,À
apps/mvd/mvd/mvd/page/vbz/overview.html,ToDo,ToDo
DocType: ToDo Gruppe,ToDo Gruppe,
DocType: Sektion,ToDo Gruppen,
DocType: ToDo Gruppen Multiselect,ToDo Gruppen Multiselect,
apps/mvd/mvd/mvd/doctype/mitgliedschaft/mitgliedschaft.js,Todesfall,
DocType: Service Plattform API Connection,Token,Jeton
DocType: Service Plattform API Connection,Token Date,
apps/mvd/mvd/mvd/doctype/service_plattform_api/service_plattform_api.js,Token updated,
DocType: Wohnungsabgabe,Total,Total
apps/mvd/mvd/mvd/doctype/kunden/kunden.js,Total Unpaid: {0},Total des Impayés : {0}
DocType: Mahnung,Total before Charge,Total avant charge
DocType: Datatrans Zahlungsfile,Total credit amount,
DocType: Datatrans Zahlungsfile,Total debit amount,
DocType: Datatrans Zahlungsfile,Total number of credits,
DocType: Datatrans Zahlungsfile,Total number of debits,
DocType: Datatrans Zahlungsfile,Total number of records,
DocType: Datatrans Zahlungsfile,Total settlement amount,
DocType: Mahnung,Total with Charge,Total avec charge
DocType: PayrexxWebhooks,Transaction Datetime,
DocType: Arbeits Backlog,Typ,
DocType: Postretouren Log tbl,Type,Taper
apps/mvd/mvd/config/mvd.py,Täglicher Mitgliedschaften Snap,
DocType: MV Help Links,URL,URL
DocType: Digitalrechnung,URL Hash,
DocType: MW,URL Online,
,Uebersicht_Beratung_1,
DocType: Webshop Order,"Um die Artikeldaten auf den Ursprungszustand zurück zu setzen, einfach die Artikeldaten löschen und neu Speichern.",
apps/mvd/mvd/mvd/doctype/kunden/kunden.js,Umwandlung,
DocType: Kunden,Unabhängiger Debitor,
DocType: CAMT Import,Ungebuchte Zahlungen,
DocType: Fakultative Rechnung,Unpaid,Impayé
DocType: CAMT Import,Unterbezahlte,
DocType: Kunden,Unternehmen,
apps/mvd/mvd/mvd/doctype/mitgliedschaft/mitgliedschaft.js,Unzulässiges Format,
DocType: Service Platform Queue,Update,Mettre à Jour
DocType: Service Plattform API,Updates zu SP Deaktivieren,
DocType: Auth0 Key,User,Utilisateur
apps/mvd/mvd/mvd/service_plattform/api.py,User is not in auth0,
DocType: Datatrans Entry,VUNUMBER,
apps/mvd/mvd/mvd/doctype/mitgliedschaft/mitgliedschaft.js,Validation,
apps/mvd/mvd/mvd/page/vbz/overview.html,Validieren,
DocType: Mitgliedschaft,Validierung notwendig,
DocType: Druckvorlage,Validierungsstring,
DocType: CAMT Import,Verarbeite CAMT File,
DocType: CAMT Import,Verarbeitet,
DocType: CAMT Import,Verarbeitungs Daten,
,Verarbeitungszentrale,
apps/mvd/mvd/config/mvd.py,Verbands-Stammdaten,
apps/mvd/mvd/public/js/custom_scripts/payment_entry.js,Verbuchen als ...,
DocType: CAMT Import,Verbuchte Zahlungen,
DocType: Beratungsdateien,Vereinbarung,
DocType: Beratungsdateien,Vergleich/Urteil,
apps/mvd/mvd/mvd/doctype/beratung/beratung.js,Verknüpfen,
DocType: Beratung,Verknüpfungen,
DocType: Beratung,Verknüpfungen (Fall),
DocType: Wohnungsabgabe,Vermieter*in,
apps/mvd/mvd/mvd/doctype/serien_email/serien_email.js,Versand Neustart,
DocType: Mahnlauf,Versende E-Mail,
apps/mvd/mvd/mvd/doctype/mahnlauf/mahnlauf.js,Versenden,
DocType: CAMT Import,Version 1,
DocType: Mitgliedschaft,Verstorben am,
DocType: Sektion,Virtueller User,
DocType: APB Zuweisung,Von,
DocType: Mitgliedschaft,Von Mahnlauf ausschliessen bis,
apps/mvd/mvd/mvd/doctype/mitgliedschaft/mitgliedschaft.js,Von Massenlauf (Begrüssung Bezahlte Mitgliedschaft) entfernen,
apps/mvd/mvd/mvd/doctype/mitgliedschaft/mitgliedschaft.js,Von Massenlauf (Begrüssung Online-Beitritt) entfernen,
apps/mvd/mvd/mvd/doctype/mitgliedschaft/mitgliedschaft.js,Von Massenlauf (Kündigung) entfernen,
apps/mvd/mvd/mvd/doctype/mitgliedschaft/mitgliedschaft.js,Von Massenlauf (Mitgliedschaftsrechnung) entfernen,
DocType: Rechnungs Jahresversand,Voraussichtlich Ausführung,
DocType: Druckvorlage,Vorderseite,
DocType: Massenlauf Inaktivierung,Vorgemerkt,
DocType: Rechnungs Jahresversand,Vorgemerkt für Rechnungsverbuchung,
DocType: Beratung,Vorlage einfügen,
apps/mvd/mvd/mvd/doctype/sektion/sektion_dashboard.py,Vorlagen,
DocType: Kunden,Vorname,
DocType: Kunden,Vorname (Rechnung),
DocType: Mitgliedschaft,Vorname (Solidar),
apps/mvd/mvd/mvd/report/spendenuebersicht/spendenuebersicht.py,Vorname Solidar MG,
DocType: Wohnungsabgabe,"Wagner, Susanne",
DocType: Postretouren Log tbl,Warning,Avertissement
apps/mvd/mvd/mvd/page/vbz/overview.html,Was ist neu in Libracore?,
DocType: Mitgliedschaft,WebLoginUser erstellt,
DocType: MVD Settings,Webhooks Token,
apps/mvd/mvd/config/mvd.py,Webshop Bestellungen,
DocType: Datatrans Entry,Webshop Order,
DocType: Datatrans Entry,Webshop: Abweichender Betrag,
DocType: Datatrans Entry,Webshop: Doppelimport,
DocType: Datatrans Entry,Webshop: Gutschrift,
DocType: Datatrans Entry,Webshop: Match,
DocType: Datatrans Entry,Webshop: No Match,
DocType: MVD Settings,Website API,
DocType: Wohnungsabgabe,Wegspesen,
DocType: Mitgliedschaft,Wegzug,
DocType: Mitgliedschaft,Wegzug ID,
DocType: Mitgliedschaft,Wegzug zu,
DocType: Mahnlauf,Weiter,
DocType: Korrespondenz,"Wenn diese CB aktiviert ist, wird als Anschrift jene des/der Schenker*inn berücksichtigt.",
DocType: Wohnungsabgabe,"Wenn hier etwas eingetragen ist, erscheint auf dem Formular «Rechnung an:» statt «Betrag erhalten».",
apps/mvd/mvd/config/mvd.py,Werkzeuge,
DocType: Postretouren Log,WiP,
DocType: Mitgliedschaft,Wichtige Informationen zur Mitgliedschaft,
apps/mvd/mvd/mvd/doctype/mitgliedschaft/mitgliedschaft.js,Wieder Beitritt,
DocType: Mitgliedschaft,Will trotz Emailadresse Briefpost,
apps/mvd/mvd/www/digitalrechnung.html,Wir haben leider keine E-Mail-Adresse von Ihnen., 
DocType: Massenlauf Inaktivierung,"Wird hier ein Mitgliedschaftsjahr eingegeben, so wird explizit nach überfälligen Rechnungen dessen gesucht.",
DocType: Arbeitsplan Standardzeit,Wochentag,
DocType: Kunden,Wohnort,
DocType: Druckvorlage,Wohnungsabgabe,
DocType: MVD Settings,Wohnungsabgabe QA-Mail,
DocType: Mitgliedschaft,Workflow Helpers,
apps/mvd/mvd/templates/includes/mvd_qrr_invoice.html,Währung,Monnaie
apps/mvd/mvd/public/js/mvd.js,You are not allowed to send emails related to this document,Vous n'êtes pas autorisé à envoyer un email en relation avec ce document
DocType: Fakultative Rechnung,Zahlbar bis,
apps/mvd/mvd/templates/includes/mvd_qrr_invoice.html,Zahlbar durch,Payable par
apps/mvd/mvd/templates/includes/mvd_qrr_invoice.html,Zahlteil,Section paiement
DocType: Mitgliedschaft,Zahlung HV,
DocType: Mitgliedschaft,Zahlung Mitgliedschaft (Obsolet),
apps/mvd/mvd/config/mvd.py,Zahlungen,
DocType: CAMT Import,Zahlungen eingelesen,
DocType: CAMT Import,Zahlungen eingelesen - verbuche Matches,
DocType: CAMT Import,Zahlungen zugeordnet,
DocType: PayrexxWebhooks,Zahlungsdaten,
DocType: MVD Settings,Zahlungserinnerungs Mailversand,
apps/mvd/mvd/mvd/report/mitgliederbeitraege/mitgliederbeitraege.js,Zahlungsstatus,
apps/mvd/mvd/mvd/doctype/beratung/beratung.js,Zeige 14 Tage,
DocType: CAMT Import,Zeige Doppelte Mitgliedschaft,
apps/mvd/mvd/public/js/custom_scripts/payment_entry_list.js,Zeige Doppelzahlungen,
apps/mvd/mvd/mvd/doctype/service_platform_queue/service_platform_queue.js,Zeige Error Log,
DocType: CAMT Import,Zeige Unterbezahlte,
DocType: CAMT Import,Zeige abgebrochene Zahlungen,
DocType: CAMT Import,Zeige gebuchte Zahlungen,
DocType: CAMT Import,Zeige gebuchte Zahlungen Wegzüge,
DocType: CAMT Import,Zeige importierte Zahlungen,
apps/mvd/mvd/public/js/custom_scripts/payment_entry_list.js,Zeige nicht zugewiesene,
apps/mvd/mvd/mvd/report/beratungen_mvzh/beratungen_mvzh.js,Zeige nur Fehlerhafte,
DocType: CAMT Import,Zeige ungebuchte Zahlungen,
DocType: CAMT Import,Zeige unzugewiesene Zahlungen,
DocType: CAMT Import,Zeige zugewiesene Zahlungen,
DocType: CAMT Import,Zeige zugewiesene aber unverbuchte,
DocType: CAMT Import,Zeige Überbezahlte,
apps/mvd/mvd/mvd/doctype/beratung/beratung_list.js,Zeit bis,
apps/mvd/mvd/mvd/doctype/beratung/beratung_list.js,Zeit von,
DocType: MW Abo,Zeitungsabonnent*innen,
DocType: MW Export,Zeitungsauflage,
DocType: Kampagne,Zip_code,
DocType: Massenlauf Inaktivierung,Zu berücksichtigendes Mitgliedschaftsjahr,
apps/mvd/mvd/mvd/doctype/mitgliedschaft/mitgliedschaft_dashboard.py,Zu erledigen,
apps/mvd/mvd/config/mvd.py,Zu erledigende Aufgaben,
apps/mvd/mvd/mvd/report/beratungs_termine/beratungs_termine.js,Zugewiesen,
DocType: CAMT Import,Zugewiesen aber nicht verbuchte Zahlungen,
DocType: CAMT Import,Zugewiesene Zahlungen,
apps/mvd/mvd/mvd/report/mitgliedschafts_duplikate/mitgliedschafts_duplikate.py,Zuletzt Bearbeitet,
apps/mvd/mvd/mvd/page/vbz/overview.html,Zum Aktualisieren Webbrowser neuladen,
DocType: MV Jahresversand,Zum Start vorgemerkt am,
apps/mvd/mvd/mvd/doctype/beratung/beratung.js,Zusammenführen,
DocType: Beratung,Zusammenführung,
DocType: Beratung,Zusammengeführt,
DocType: Beratung,Zusammengeführt mit Beratung,
DocType: Wohnungsabgabe,Zusatz Beschreibung,
DocType: Kunden,Zusatz Firma,
DocType: Kunden,Zusatz Firma (Rechnung),
DocType: Wohnungsabgabe,Zusatz: Garage/EHP/Mansarde/Garten (Fr. 10.-),
DocType: Kunden,Zusatzadresse,
DocType: Mitgliedschaft,Zusatzadresse (Objekt),
DocType: Kunden,Zusatzadresse (Rechnung),
DocType: Beratung,Zusatzinfo Status,
apps/mvd/mvd/templates/includes/mvd_qrr_invoice.html,Zusätzliche Informationen,Informations supplémentaires
DocType: Beratung,Zuweisung,
apps/mvd/mvd/public/js/custom_scripts/payment_entry.js,Zuweisung von ...,
DocType: Massenlauf,Zuzug,
DocType: Mitgliedschaft,Zuzug ID,
DocType: Mitgliedschaft,Zuzug als Massendruck,
apps/mvd/mvd/mvd/doctype/mitgliedschaft/mitgliedschaft.js,Zuzug aus virtueller Sektion,
DocType: Mitgliedschaft,Zuzug durch SP,
DocType: Druckvorlage,Zuzug mit EZ,
DocType: Druckvorlage,Zuzug ohne EZ,
DocType: Mitgliedschaft,Zuzug von,
DocType: Mitgliedschaft,Zuzugs Rechnung,
DocType: Mitgliedschaft,Zwei Retouren in Folge,
DocType: Sektion,Zwischen Konto,
DocType: Beratung,anderesMietobjekt,
DocType: Beratung,anlage_durch_mail_check_attachments,
DocType: Beratung,anlage_durch_web_formular,
DocType: Beratung,auto_todo_log,
DocType: Druckvorlage Seite,beidseitig,
DocType: MVD Email Queue,betreff,
DocType: Digitalrechnung,changed_by_sektion,
DocType: Beratung,create_be_admin_todo,
DocType: Beratung,create_todo,
apps/mvd/mvd/mvd/doctype/beratung/beratung.js,created,
DocType: Retouren,datumErfasstPost,
DocType: Mitgliedschaft,datumOnlineGutschrift,
DocType: Mitgliedschaft,datumOnlineVerbucht,
DocType: Beratung,datum_mietzinsanzeige,
DocType: Datatrans Entry,datum_online_gutschrift,
DocType: Datatrans Entry,datum_online_verbucht,
DocType: Kampagne,de,
DocType: Beratung,default_rueckfragen_email_template,
DocType: Mitgliedschaft,deleted_by_admin,
DocType: Mitgliedschaft,digitale Rechnung,
DocType: Beratung,email_id,
DocType: Beratung,email_template,
DocType: MVD Email Queue,email_vorlage,
,export-ableich,
DocType: Kampagne,fr,
DocType: Wohnungsabgabe,frz.: Garage / mansarde / remise / jardin,
DocType: Beratung,geschlossen_am,
DocType: Beratung,geschlossen_durch,
DocType: Retouren,grundBezeichnung,
DocType: Retouren,grundCode,
DocType: Beratung,ignore_abschluss_mail,
DocType: Datatrans Zahlungsfile,ignore_missing_files,
DocType: Retouren,ignore_validation,
DocType: Beratung,in Arbeit,
apps/mvd/mvd/mvd/page/mvd_suchmaske/suchmaske.html,inkl. Inaktive,
DocType: Rechnungs Jahresversand,is retry,
DocType: Kampagne,it,
,jahr_bezahlt,
DocType: Service Plattform API,json Error Log,
,kampagne-dashboard,
DocType: Postnotiz,kategorie,
DocType: Datatrans Zahlungsfile,kommissions_prozent,
DocType: Retouren,legacyKategorieCode,
DocType: Retouren,legacyNotiz,
DocType: Termin Kontaktperson,libracore User,
DocType: MVD Email Queue,mahnlauf,
DocType: MVD Email Queue Mail,mahnung,
DocType: mahnung mitgliedschaft linking,mahnung mitgliedschaft linking,
DocType: MVD Email Queue,message,
DocType: Beratung,migriert von termin,
DocType: Datatrans Zahlungsfile,missing_files,
DocType: Druckvorlage Seite,mit P.P.,
DocType: Postnotiz,mitgliedId,
DocType: Postnotiz,mitgliedNummer,
DocType: Beratung,mitgliedname,
DocType: Digitalrechnung,no_auto_opt_in,
DocType: Postnotiz,notiz,
DocType: Druckvorlage Seite,nur Vorderseite,
DocType: CAMT Import,oder bei grossen Zahlungsfiles (&gt;2MB)<br>Verarbeitung in drei Schritten:,
,ohne E-Mail,
DocType: Mitgliedschaft,onlineBetrag,
DocType: Mitgliedschaft,onlineGutschrift,
DocType: Mitgliedschaft,onlineHaftpflicht,
DocType: Mitgliedschaft,onlinePaymentId,
DocType: Mitgliedschaft,onlinePaymentMethod,
DocType: Mitgliedschaft,onlinePaymentZahlungsfile,
DocType: Datatrans Entry,online_betrag,
DocType: Datatrans Entry,online_gutschrift,
DocType: Datatrans Entry,online_haftpflicht,
DocType: Datatrans Entry,online_payment_method,
DocType: Beratung,persönlich,
DocType: Fakultative Rechnung,renaming_series,
DocType: Datatrans Zahlungsfile,report_month,
DocType: Datatrans Zahlungsfile,report_year,
DocType: Retouren,retoureDMC,
DocType: Retouren,retoureMuWSequenceNumber,
DocType: Retouren,retoureSendungsbild,
DocType: Beratung,s8,
DocType: Beratung,schriftlich,
DocType: Fakultative Rechnung,sektions_code,
DocType: Beratungsdateien,sonstige Vertragsänderung,
DocType: Beratung,telefonPrivatMobil,
DocType: Beratung Termin,telefonisch,
DocType: Druckvorlage,test_dn,
DocType: Druckvorlage,test_dt,
DocType: Beratung,trigger_api,
DocType: Mahnlauf,typ_code,
apps/mvd/mvd/www/digitalrechnung.html,und Sie bekommen Ihre Jahresrechnung weiterhin per Post zugeschickt.,et vous continuerez à recevoir votre facture annuelle par courrier.
DocType: Beratung,ungelesen,
,ungeöffnete,
DocType: PayrexxWebhooks,uuid,
DocType: Wohnungsabgabe,"z.B. 3½ Zimmer Wohnung, 7. Stock",
DocType: MW Export,zeitungsauflage_data,
apps/mvd/mvd/mvd/page/vbz/overview.html,zur klassischen Ansicht,
DocType: Service Platform Queue,Öffne Mitgliedschaft,
apps/mvd/mvd/mvd/doctype/mitgliedschaft/mitgliedschaft.js,Öffne SP Queue,
DocType: Wohnungsabgabe,Über 80 KM (Fr. 115.-),
DocType: CAMT Import,Überbezahlte,
apps/mvd/mvd/mvd/report/beratungen_mvzh/beratungen_mvzh.py,Übermittelt an SP,
DocType: Mitgliedschaft,Übernahme durch (Todesfall),
DocType: Wohnungsabgabe,Übernahme/Mängel bei Antritt,
apps/mvd/mvd/mvd/doctype/beratung/beratung.js,Übernehmen,
DocType: Beratung,Übersicht,
,Übersicht offene Bestellungen,
DocType: CAMT Import,Überzahlungen,
